<datapower-configuration version="3"><export-details><description>Exported Configuration</description><user>loginke</user><domain>ESBGW.SBI</domain><comment/><product-id>5725</product-id><product>XI50</product><display-product>XI52</display-product><model>DataPower XI50</model><display-model>DataPower XI52</display-model><device-name>default</device-name><serial-number>0000000</serial-number><firmware-version>XI50.7.2.0.1</firmware-version><display-firmware-version>XI52.7.2.0.1</display-firmware-version><firmware-build>268077</firmware-build><firmware-timestamp>2015/10/19 13:54:49</firmware-timestamp><current-date>2016-01-26</current-date><current-time>20:50:00 MSK</current-time><reset-date>2016-01-26</reset-date><reset-time>17:59:01 MSK</reset-time><login-message/><custom-ui-file/></export-details><interface-data><interface name="eth0" type="Ethernet" vers="ipv4" ip-addr="10.116.6.244"/></interface-data><configuration domain="ESBGW.SBI"><URLMap name="default-attempt-stream-all" intrinsic="true" xmlns:env="http://www.w3.org/2003/05/soap-envelope" xmlns:dp="http://www.datapower.com/schemas/management">
<mAdminState>enabled</mAdminState>
<URLMapRule>
<Pattern>*</Pattern></URLMapRule></URLMap><CompileOptionsPolicy name="default-attempt-stream" intrinsic="true" xmlns:env="http://www.w3.org/2003/05/soap-envelope" xmlns:dp="http://www.datapower.com/schemas/management">
<mAdminState>enabled</mAdminState>
<XSLTVersion>XSLT10</XSLTVersion>
<Strict>off</Strict>
<TryStream class="URLMap">default-attempt-stream-all</TryStream>
<StackSize>524288</StackSize>
<WSIValidation>ignore</WSIValidation>
<WSDLValidateBody>strict</WSDLValidateBody>
<WSDLValidateHeaders>lax</WSDLValidateHeaders>
<WSDLValidateFaults>strict</WSDLValidateFaults>
<WSDLWrappedFaults>off</WSDLWrappedFaults>
<WSDLStrictSOAPVersion>off</WSDLStrictSOAPVersion>
<XACMLDebug>off</XACMLDebug></CompileOptionsPolicy><HTTPUserAgent name="default" intrinsic="true" xmlns:env="http://www.w3.org/2003/05/soap-envelope" xmlns:dp="http://www.datapower.com/schemas/management">
<mAdminState>enabled</mAdminState>
<UserSummary>Default User Agent</UserSummary>
<MaxRedirects>8</MaxRedirects>
<Timeout>300</Timeout></HTTPUserAgent><XMLManager name="ESBGW.SBI.XMLM" xmlns:env="http://www.w3.org/2003/05/soap-envelope" xmlns:dp="http://www.datapower.com/schemas/management">
<mAdminState>enabled</mAdminState>
<CacheSize>256</CacheSize>
<SHA1Caching>on</SHA1Caching>
<StaticDocumentCalls>on</StaticDocumentCalls>
<SearchResults>on</SearchResults>
<SupportTxWarn>off</SupportTxWarn>
<Memoization>on</Memoization>
<ParserLimitsBytesScanned>10485760</ParserLimitsBytesScanned>
<ParserLimitsElementDepth>512</ParserLimitsElementDepth>
<ParserLimitsAttributeCount>128</ParserLimitsAttributeCount>
<ParserLimitsMaxNodeSize>10485760</ParserLimitsMaxNodeSize>
<ParserLimitsForbidExternalReferences>on</ParserLimitsForbidExternalReferences>
<ParserLimitsExternalReferences>forbid</ParserLimitsExternalReferences>
<ParserLimitsMaxPrefixes>0</ParserLimitsMaxPrefixes>
<ParserLimitsMaxNamespaces>0</ParserLimitsMaxNamespaces>
<ParserLimitsMaxLocalNames>0</ParserLimitsMaxLocalNames>
<DocCacheMaxDocs>5000</DocCacheMaxDocs>
<DocCacheSize>0</DocCacheSize>
<DocMaxWrites>32768</DocMaxWrites>
<UserAgent class="HTTPUserAgent">default</UserAgent></XMLManager><MQQM name="IRUS.SBI.OUT.GW1" xmlns:env="http://www.w3.org/2003/05/soap-envelope" xmlns:dp="http://www.datapower.com/schemas/management">
<mAdminState>enabled</mAdminState>
<HostName>10.68.198.42(1422)</HostName>
<QMname>IRUS.SBI.OUT.GW1</QMname>
<CCSID>1208</CCSID>
<ChannelName>SBI.GW.SVRCONN</ChannelName>
<Heartbeat>300</Heartbeat>
<UserName>esbgwusr</UserName>
<MaximumMessageSize>10485760</MaximumMessageSize>
<UnitsOfWork/>
<AutomaticBackout>off</AutomaticBackout>
<TotalConnectionLimit>5</TotalConnectionLimit>
<InitialConnections>5</InitialConnections>
<SharingConversations>0</SharingConversations>
<ShareSingleConversation>off</ShareSingleConversation>
<PermitInsecureServers>off</PermitInsecureServers>
<PermitSSLv3>off</PermitSSLv3>
<SSLcipher>none</SSLcipher>
<AutoRecovery>off</AutoRecovery>
<ConvertInput>off</ConvertInput>
<AutoRetry>on</AutoRetry>
<RetryInterval>1</RetryInterval>
<RetryAttempts>0</RetryAttempts>
<LongRetryInterval>1800</LongRetryInterval>
<ReportingInterval>1</ReportingInterval>
<AlternateUser>on</AlternateUser>
<XMLManager class="XMLManager">ESBGW.SBI.XMLM</XMLManager>
<SSLClientConfigType>proxy</SSLClientConfigType></MQQM><MQQMGroup name="OUT.MQGR" xmlns:env="http://www.w3.org/2003/05/soap-envelope" xmlns:dp="http://www.datapower.com/schemas/management">
<mAdminState>enabled</mAdminState>
<PrimaryQueueManager class="MQQM">IRUS.SBI.OUT.GW1</PrimaryQueueManager></MQQMGroup><MQSourceProtocolHandler name="FSH.MQ.FROM.CB" xmlns:env="http://www.w3.org/2003/05/soap-envelope" xmlns:dp="http://www.datapower.com/schemas/management">
<mAdminState>enabled</mAdminState>
<QueueManager class="MQQMGroup">OUT.MQGR</QueueManager>
<GetQueue>SBI.TO.DP</GetQueue>
<CodePage>1208</CodePage>
<GetMessageOptions>4097</GetMessageOptions>
<ParseProperties>off</ParseProperties>
<AsyncPut>off</AsyncPut>
<ExcludeHeaders>
<MQCIH>off</MQCIH>
<MQDLH>off</MQDLH>
<MQIIH>off</MQIIH>
<MQRFH>off</MQRFH>
<MQRFH2>on</MQRFH2>
<MQWIH>off</MQWIH></ExcludeHeaders>
<ConcurrentConnections>1</ConcurrentConnections>
<PollingInterval>30</PollingInterval>
<BatchSize>0</BatchSize>
<ContentTypeHeader>None</ContentTypeHeader>
<RetrieveBackoutSettings>off</RetrieveBackoutSettings>
<UseQMNameInURL>off</UseQMNameInURL></MQSourceProtocolHandler><MQQM name="IRUS.SBI.GW1" xmlns:env="http://www.w3.org/2003/05/soap-envelope" xmlns:dp="http://www.datapower.com/schemas/management">
<mAdminState>enabled</mAdminState>
<HostName>10.68.198.42(1421)</HostName>
<QMname>IRUS.SBI.GW1</QMname>
<CCSID>1208</CCSID>
<ChannelName>SBI.GW.SVRCONN</ChannelName>
<Heartbeat>300</Heartbeat>
<UserName>esbgwusr</UserName>
<MaximumMessageSize>10485760</MaximumMessageSize>
<UnitsOfWork/>
<AutomaticBackout>off</AutomaticBackout>
<TotalConnectionLimit>600</TotalConnectionLimit>
<InitialConnections>50</InitialConnections>
<SharingConversations>0</SharingConversations>
<ShareSingleConversation>off</ShareSingleConversation>
<PermitInsecureServers>off</PermitInsecureServers>
<PermitSSLv3>off</PermitSSLv3>
<SSLcipher>none</SSLcipher>
<AutoRecovery>off</AutoRecovery>
<ConvertInput>off</ConvertInput>
<AutoRetry>on</AutoRetry>
<RetryInterval>1</RetryInterval>
<RetryAttempts>0</RetryAttempts>
<LongRetryInterval>1800</LongRetryInterval>
<ReportingInterval>1</ReportingInterval>
<AlternateUser>on</AlternateUser>
<XMLManager class="XMLManager">ESBGW.SBI.XMLM</XMLManager>
<SSLClientConfigType>proxy</SSLClientConfigType></MQQM><MQQMGroup name="IN.MQGR" xmlns:env="http://www.w3.org/2003/05/soap-envelope" xmlns:dp="http://www.datapower.com/schemas/management">
<mAdminState>enabled</mAdminState>
<PrimaryQueueManager class="MQQM">IRUS.SBI.GW1</PrimaryQueueManager></MQQMGroup><MQSourceProtocolHandler name="FSH.MQ.FROM.ESB" xmlns:env="http://www.w3.org/2003/05/soap-envelope" xmlns:dp="http://www.datapower.com/schemas/management">
<mAdminState>enabled</mAdminState>
<QueueManager class="MQQMGroup">IN.MQGR</QueueManager>
<GetQueue>SBI.TO.DP</GetQueue>
<CodePage>1208</CodePage>
<GetMessageOptions>4097</GetMessageOptions>
<ParseProperties>on</ParseProperties>
<AsyncPut>off</AsyncPut>
<ExcludeHeaders>
<MQCIH>off</MQCIH>
<MQDLH>off</MQDLH>
<MQIIH>off</MQIIH>
<MQRFH>on</MQRFH>
<MQRFH2>on</MQRFH2>
<MQWIH>off</MQWIH></ExcludeHeaders>
<ConcurrentConnections>1</ConcurrentConnections>
<PollingInterval>30</PollingInterval>
<BatchSize>0</BatchSize>
<ContentTypeHeader>None</ContentTypeHeader>
<RetrieveBackoutSettings>off</RetrieveBackoutSettings>
<UseQMNameInURL>off</UseQMNameInURL></MQSourceProtocolHandler><Matching name="MR.ALL" xmlns:env="http://www.w3.org/2003/05/soap-envelope" xmlns:dp="http://www.datapower.com/schemas/management">
<mAdminState>enabled</mAdminState>
<MatchRules>
<Type>url</Type>
<HttpTag/>
<HttpValue/>
<Url>*</Url>
<ErrorCode/>
<XPATHExpression/>
<Method>default</Method>
<CustomMethod/></MatchRules>
<MatchWithPCRE>off</MatchWithPCRE>
<CombineWithOr>off</CombineWithOr></Matching><StylePolicyAction name="ESBGW.SBI.MPG_policy_request_rule_xformbin_0" xmlns:env="http://www.w3.org/2003/05/soap-envelope" xmlns:dp="http://www.datapower.com/schemas/management">
<mAdminState>enabled</mAdminState>
<Type>xformbin</Type>
<Input>INPUT</Input>
<Transform>local:///processXMIT.xslt</Transform>
<ActionDebug persisted="false">off</ActionDebug>
<TxMode>dpa</TxMode>
<Output>xmitStep</Output>
<NamedInOutLocationType>default</NamedInOutLocationType>
<SSLClientConfigType>proxy</SSLClientConfigType>
<OutputType>default</OutputType>
<Transactional>off</Transactional>
<SOAPValidation>body</SOAPValidation>
<SQLSourceType>static</SQLSourceType>
<JWSVerifyStripSignature>on</JWSVerifyStripSignature>
<Asynchronous>off</Asynchronous>
<ResultsMode>first-available</ResultsMode>
<RetryCount>0</RetryCount>
<RetryInterval>1000</RetryInterval>
<MultipleOutputs>off</MultipleOutputs>
<IteratorType>XPATH</IteratorType>
<Timeout>0</Timeout>
<MethodRewriteType>GET</MethodRewriteType>
<MethodType>POST</MethodType>
<MethodType2>POST</MethodType2></StylePolicyAction><StylePolicyAction name="ESBGW.SBI.MPG_policy_request_rule_xform_1" xmlns:env="http://www.w3.org/2003/05/soap-envelope" xmlns:dp="http://www.datapower.com/schemas/management">
<mAdminState>enabled</mAdminState>
<Type>xform</Type>
<Input>xmitStep</Input>
<Transform>local:///ParamsToContext.xsl</Transform>
<ActionDebug persisted="false">off</ActionDebug>
<Output>NULL</Output>
<NamedInOutLocationType>default</NamedInOutLocationType>
<SSLClientConfigType>proxy</SSLClientConfigType>
<StylesheetParameters>
<ParameterName>{http://www.datapower.com/param/config}gatewayType</ParameterName>
<ParameterValue>sbi</ParameterValue></StylesheetParameters>
<StylesheetParameters>
<ParameterName>{http://www.datapower.com/param/config}versioning</ParameterName>
<ParameterValue>false</ParameterValue></StylesheetParameters>
<OutputType>default</OutputType>
<Transactional>off</Transactional>
<SOAPValidation>body</SOAPValidation>
<SQLSourceType>static</SQLSourceType>
<JWSVerifyStripSignature>on</JWSVerifyStripSignature>
<Asynchronous>off</Asynchronous>
<ResultsMode>first-available</ResultsMode>
<RetryCount>0</RetryCount>
<RetryInterval>1000</RetryInterval>
<MultipleOutputs>off</MultipleOutputs>
<IteratorType>XPATH</IteratorType>
<Timeout>0</Timeout>
<MethodRewriteType>GET</MethodRewriteType>
<MethodType>POST</MethodType>
<MethodType2>POST</MethodType2></StylePolicyAction><StylePolicyAction name="ESBGW.SBI.MPG_policy_request_rule_xform_3" xmlns:env="http://www.w3.org/2003/05/soap-envelope" xmlns:dp="http://www.datapower.com/schemas/management">
<mAdminState>enabled</mAdminState>
<Type>xform</Type>
<Input>xmitStep</Input>
<Transform>local:///Route.xsl</Transform>
<ActionDebug persisted="false">off</ActionDebug>
<Output>NULL</Output>
<NamedInOutLocationType>default</NamedInOutLocationType>
<SSLClientConfigType>proxy</SSLClientConfigType>
<OutputType>default</OutputType>
<Transactional>off</Transactional>
<SOAPValidation>body</SOAPValidation>
<SQLSourceType>static</SQLSourceType>
<JWSVerifyStripSignature>on</JWSVerifyStripSignature>
<Asynchronous>off</Asynchronous>
<ResultsMode>first-available</ResultsMode>
<RetryCount>0</RetryCount>
<RetryInterval>1000</RetryInterval>
<MultipleOutputs>off</MultipleOutputs>
<IteratorType>XPATH</IteratorType>
<Timeout>0</Timeout>
<MethodRewriteType>GET</MethodRewriteType>
<MethodType>POST</MethodType>
<MethodType2>POST</MethodType2></StylePolicyAction><StylePolicyAction name="ESBGW.SBI.MPG_policy_request_rule_setvar_0" xmlns:env="http://www.w3.org/2003/05/soap-envelope" xmlns:dp="http://www.datapower.com/schemas/management">
<mAdminState>enabled</mAdminState>
<Type>setvar</Type>
<Input>xmitStep</Input>
<ActionDebug persisted="false">off</ActionDebug>
<NamedInOutLocationType>default</NamedInOutLocationType>
<Variable>var://context/RQ/sourceSystem</Variable>
<Value>mcp</Value>
<SSLClientConfigType>proxy</SSLClientConfigType>
<Transactional>off</Transactional>
<SOAPValidation>body</SOAPValidation>
<SQLSourceType>static</SQLSourceType>
<JWSVerifyStripSignature>on</JWSVerifyStripSignature>
<Asynchronous>off</Asynchronous>
<ResultsMode>first-available</ResultsMode>
<RetryCount>0</RetryCount>
<RetryInterval>1000</RetryInterval>
<MultipleOutputs>off</MultipleOutputs>
<IteratorType>XPATH</IteratorType>
<Timeout>0</Timeout>
<MethodRewriteType>GET</MethodRewriteType>
<MethodType>POST</MethodType>
<MethodType2>POST</MethodType2></StylePolicyAction><StylePolicyAction name="ESBGW.SBI.MPG_policy_request_rule_validate_0" xmlns:env="http://www.w3.org/2003/05/soap-envelope" xmlns:dp="http://www.datapower.com/schemas/management">
<mAdminState>enabled</mAdminState>
<Type>validate</Type>
<Input>xmitStep</Input>
<ActionDebug persisted="false">off</ActionDebug>
<Output>NULL</Output>
<NamedInOutLocationType>default</NamedInOutLocationType>
<SchemaURL>local:///sbi/xsd/AllSchemes.xsd</SchemaURL>
<SSLClientConfigType>proxy</SSLClientConfigType>
<Transactional>off</Transactional>
<SOAPValidation>body</SOAPValidation>
<SQLSourceType>static</SQLSourceType>
<JWSVerifyStripSignature>on</JWSVerifyStripSignature>
<Asynchronous>off</Asynchronous>
<ResultsMode>first-available</ResultsMode>
<RetryCount>0</RetryCount>
<RetryInterval>1000</RetryInterval>
<MultipleOutputs>off</MultipleOutputs>
<IteratorType>XPATH</IteratorType>
<Timeout>0</Timeout>
<MethodRewriteType>GET</MethodRewriteType>
<MethodType>POST</MethodType>
<MethodType2>POST</MethodType2></StylePolicyAction><StylePolicyAction name="ESBGW.SBI.MPG_policy_request_rule_filter_0" xmlns:env="http://www.w3.org/2003/05/soap-envelope" xmlns:dp="http://www.datapower.com/schemas/management">
<mAdminState>enabled</mAdminState>
<Type>filter</Type>
<Input>xmitStep</Input>
<Transform>local:///sbi/SQL-Injection-Filter.xsl</Transform>
<ActionDebug persisted="false">off</ActionDebug>
<Output>NULL</Output>
<NamedInOutLocationType>default</NamedInOutLocationType>
<SSLClientConfigType>proxy</SSLClientConfigType>
<Transactional>off</Transactional>
<SOAPValidation>body</SOAPValidation>
<SQLSourceType>static</SQLSourceType>
<JWSVerifyStripSignature>on</JWSVerifyStripSignature>
<Asynchronous>off</Asynchronous>
<ResultsMode>first-available</ResultsMode>
<RetryCount>0</RetryCount>
<RetryInterval>1000</RetryInterval>
<MultipleOutputs>off</MultipleOutputs>
<IteratorType>XPATH</IteratorType>
<Timeout>0</Timeout>
<MethodRewriteType>GET</MethodRewriteType>
<MethodType>POST</MethodType>
<MethodType2>POST</MethodType2></StylePolicyAction><StylePolicyAction name="ESBGW.SBI.MPG_policy_request_rule_xformbin_1" xmlns:env="http://www.w3.org/2003/05/soap-envelope" xmlns:dp="http://www.datapower.com/schemas/management">
<mAdminState>enabled</mAdminState>
<Type>xformbin</Type>
<Input>INPUT</Input>
<Transform>local:///TransformMessage.xsl</Transform>
<ActionDebug persisted="false">off</ActionDebug>
<TxMode>dpa</TxMode>
<Output>TransformedRequest</Output>
<NamedInOutLocationType>default</NamedInOutLocationType>
<SSLClientConfigType>proxy</SSLClientConfigType>
<OutputType>default</OutputType>
<Transactional>off</Transactional>
<SOAPValidation>body</SOAPValidation>
<SQLSourceType>static</SQLSourceType>
<JWSVerifyStripSignature>on</JWSVerifyStripSignature>
<Asynchronous>off</Asynchronous>
<ResultsMode>first-available</ResultsMode>
<RetryCount>0</RetryCount>
<RetryInterval>1000</RetryInterval>
<MultipleOutputs>off</MultipleOutputs>
<IteratorType>XPATH</IteratorType>
<Timeout>0</Timeout>
<MethodRewriteType>GET</MethodRewriteType>
<MethodType>POST</MethodType>
<MethodType2>POST</MethodType2></StylePolicyAction><StylePolicyAction name="ESBGW.SBI.MPG_policy_request_rule_xform_13" xmlns:env="http://www.w3.org/2003/05/soap-envelope" xmlns:dp="http://www.datapower.com/schemas/management">
<mAdminState>enabled</mAdminState>
<Type>xform</Type>
<Input>xmitStep</Input>
<Transform>local:///DeleteXmitHeaders.xsl</Transform>
<ActionDebug persisted="false">off</ActionDebug>
<Output>NULL</Output>
<NamedInOutLocationType>default</NamedInOutLocationType>
<SSLClientConfigType>proxy</SSLClientConfigType>
<OutputType>default</OutputType>
<Transactional>off</Transactional>
<SOAPValidation>body</SOAPValidation>
<SQLSourceType>static</SQLSourceType>
<JWSVerifyStripSignature>on</JWSVerifyStripSignature>
<Asynchronous>off</Asynchronous>
<ResultsMode>first-available</ResultsMode>
<RetryCount>0</RetryCount>
<RetryInterval>1000</RetryInterval>
<MultipleOutputs>off</MultipleOutputs>
<IteratorType>XPATH</IteratorType>
<Timeout>0</Timeout>
<MethodRewriteType>GET</MethodRewriteType>
<MethodType>POST</MethodType>
<MethodType2>POST</MethodType2></StylePolicyAction><StylePolicyAction name="ESBGW.SBI.MPG_policy_request_rule_results_output_0" xmlns:env="http://www.w3.org/2003/05/soap-envelope" xmlns:dp="http://www.datapower.com/schemas/management">
<mAdminState>enabled</mAdminState>
<Type>results</Type>
<Input>TransformedRequest</Input>
<ActionDebug persisted="false">off</ActionDebug>
<NamedInOutLocationType>default</NamedInOutLocationType>
<SSLClientConfigType>proxy</SSLClientConfigType>
<OutputType>default</OutputType>
<Transactional>off</Transactional>
<SOAPValidation>body</SOAPValidation>
<SQLSourceType>static</SQLSourceType>
<JWSVerifyStripSignature>on</JWSVerifyStripSignature>
<Asynchronous>off</Asynchronous>
<ResultsMode>first-available</ResultsMode>
<RetryCount>0</RetryCount>
<RetryInterval>1000</RetryInterval>
<MultipleOutputs>off</MultipleOutputs>
<IteratorType>XPATH</IteratorType>
<Timeout>0</Timeout>
<MethodRewriteType>GET</MethodRewriteType>
<MethodType>POST</MethodType>
<MethodType2>POST</MethodType2></StylePolicyAction><StylePolicyRule name="ESBGW.SBI.MPG_policy_request_rule" xmlns:env="http://www.w3.org/2003/05/soap-envelope" xmlns:dp="http://www.datapower.com/schemas/management">
<mAdminState>enabled</mAdminState>
<Direction>request-rule</Direction>
<InputFormat>none</InputFormat>
<OutputFormat>none</OutputFormat>
<NonXMLProcessing>off</NonXMLProcessing>
<Unprocessed>off</Unprocessed>
<Actions class="StylePolicyAction">ESBGW.SBI.MPG_policy_request_rule_xformbin_0</Actions>
<Actions class="StylePolicyAction">ESBGW.SBI.MPG_policy_request_rule_xform_1</Actions>
<Actions class="StylePolicyAction">ESBGW.SBI.MPG_policy_request_rule_xform_3</Actions>
<Actions class="StylePolicyAction">ESBGW.SBI.MPG_policy_request_rule_setvar_0</Actions>
<Actions class="StylePolicyAction">ESBGW.SBI.MPG_policy_request_rule_validate_0</Actions>
<Actions class="StylePolicyAction">ESBGW.SBI.MPG_policy_request_rule_filter_0</Actions>
<Actions class="StylePolicyAction">ESBGW.SBI.MPG_policy_request_rule_xformbin_1</Actions>
<Actions class="StylePolicyAction">ESBGW.SBI.MPG_policy_request_rule_xform_13</Actions>
<Actions class="StylePolicyAction">ESBGW.SBI.MPG_policy_request_rule_results_output_0</Actions></StylePolicyRule><StylePolicyAction name="ESBGW.SBI.MPG_catch_error_rule_xform_17" xmlns:env="http://www.w3.org/2003/05/soap-envelope" xmlns:dp="http://www.datapower.com/schemas/management">
<mAdminState>enabled</mAdminState>
<Type>xform</Type>
<Input>NULL</Input>
<Transform>local:///CheckMQRC.xslt</Transform>
<ActionDebug persisted="false">off</ActionDebug>
<Output>mqrc_out</Output>
<NamedInOutLocationType>default</NamedInOutLocationType>
<SSLClientConfigType>proxy</SSLClientConfigType>
<OutputType>default</OutputType>
<Transactional>off</Transactional>
<SOAPValidation>body</SOAPValidation>
<SQLSourceType>static</SQLSourceType>
<JWSVerifyStripSignature>on</JWSVerifyStripSignature>
<Asynchronous>off</Asynchronous>
<ResultsMode>first-available</ResultsMode>
<RetryCount>0</RetryCount>
<RetryInterval>1000</RetryInterval>
<MultipleOutputs>off</MultipleOutputs>
<IteratorType>XPATH</IteratorType>
<Timeout>0</Timeout>
<MethodRewriteType>GET</MethodRewriteType>
<MethodType>POST</MethodType>
<MethodType2>POST</MethodType2></StylePolicyAction><StylePolicyAction name="ESBGW.SBI.MPG_catch_error_rule_mq_0" xmlns:env="http://www.w3.org/2003/05/soap-envelope" xmlns:dp="http://www.datapower.com/schemas/management">
<mAdminState>enabled</mAdminState>
<Type>xform</Type>
<Input>mqrc_out</Input>
<Transform>store:///mq-header.xsl</Transform>
<ActionDebug persisted="false">off</ActionDebug>
<Output>NULL</Output>
<NamedInOutLocationType>default</NamedInOutLocationType>
<SSLClientConfigType>proxy</SSLClientConfigType>
<StylesheetParameters>
<ParameterName>{http://www.datapower.com/param/config}mq-processing-type</ParameterName>
<ParameterValue>response</ParameterValue></StylesheetParameters>
<StylesheetParameters>
<ParameterName>{http://www.datapower.com/param/config}mqmd-reply-to-q-type</ParameterName>
<ParameterValue>empty</ParameterValue></StylesheetParameters>
<OutputType>default</OutputType>
<Transactional>off</Transactional>
<SOAPValidation>body</SOAPValidation>
<SQLSourceType>static</SQLSourceType>
<JWSVerifyStripSignature>on</JWSVerifyStripSignature>
<Asynchronous>off</Asynchronous>
<ResultsMode>first-available</ResultsMode>
<RetryCount>0</RetryCount>
<RetryInterval>1000</RetryInterval>
<MultipleOutputs>off</MultipleOutputs>
<IteratorType>XPATH</IteratorType>
<Timeout>0</Timeout>
<MethodRewriteType>GET</MethodRewriteType>
<MethodType>POST</MethodType>
<MethodType2>POST</MethodType2></StylePolicyAction><StylePolicyAction name="ESBGW.SBI.MPG_catch_error_rule_xform_20" xmlns:env="http://www.w3.org/2003/05/soap-envelope" xmlns:dp="http://www.datapower.com/schemas/management">
<mAdminState>enabled</mAdminState>
<Type>xform</Type>
<Input>mqrc_out</Input>
<Transform>local:///ESB.LOG.xsl</Transform>
<ActionDebug persisted="false">off</ActionDebug>
<Output>NULL</Output>
<NamedInOutLocationType>default</NamedInOutLocationType>
<SSLClientConfigType>proxy</SSLClientConfigType>
<StylesheetParameters>
<ParameterName>{http://www.datapower.com/param/config}eventrcv</ParameterName>
<ParameterValue>var://context/log/eventreceiver</ParameterValue></StylesheetParameters>
<StylesheetParameters>
<ParameterName>{http://www.datapower.com/param/config}eventsrc</ParameterName>
<ParameterValue>var://context/log/eventsource</ParameterValue></StylesheetParameters>
<StylesheetParameters>
<ParameterName>{http://www.datapower.com/param/config}operation</ParameterName>
<ParameterValue>var://context/log/operation</ParameterValue></StylesheetParameters>
<OutputType>default</OutputType>
<Transactional>off</Transactional>
<SOAPValidation>body</SOAPValidation>
<SQLSourceType>static</SQLSourceType>
<JWSVerifyStripSignature>on</JWSVerifyStripSignature>
<Asynchronous>off</Asynchronous>
<ResultsMode>first-available</ResultsMode>
<RetryCount>0</RetryCount>
<RetryInterval>1000</RetryInterval>
<MultipleOutputs>off</MultipleOutputs>
<IteratorType>XPATH</IteratorType>
<Timeout>0</Timeout>
<MethodRewriteType>GET</MethodRewriteType>
<MethodType>POST</MethodType>
<MethodType2>POST</MethodType2></StylePolicyAction><StylePolicyAction name="ESBGW.SBI.MPG_catch_error_rule_xform_23" xmlns:env="http://www.w3.org/2003/05/soap-envelope" xmlns:dp="http://www.datapower.com/schemas/management">
<mAdminState>enabled</mAdminState>
<Type>xform</Type>
<Input>NULL</Input>
<Transform>local:///ESB.EXT.LOG.xsl</Transform>
<ActionDebug persisted="false">off</ActionDebug>
<Output>NULL</Output>
<NamedInOutLocationType>default</NamedInOutLocationType>
<SSLClientConfigType>proxy</SSLClientConfigType>
<StylesheetParameters>
<ParameterName>{http://www.datapower.com/param/config}ExtLogOperationStatus</ParameterName>
<ParameterValue>SUCCESS</ParameterValue></StylesheetParameters>
<OutputType>default</OutputType>
<Transactional>off</Transactional>
<SOAPValidation>body</SOAPValidation>
<SQLSourceType>static</SQLSourceType>
<JWSVerifyStripSignature>on</JWSVerifyStripSignature>
<Asynchronous>off</Asynchronous>
<ResultsMode>first-available</ResultsMode>
<RetryCount>0</RetryCount>
<RetryInterval>1000</RetryInterval>
<MultipleOutputs>off</MultipleOutputs>
<IteratorType>XPATH</IteratorType>
<Timeout>0</Timeout>
<MethodRewriteType>GET</MethodRewriteType>
<MethodType>POST</MethodType>
<MethodType2>POST</MethodType2></StylePolicyAction><StylePolicyAction name="ESBGW.SBI.MPG_catch_error_rule_results_output_0" xmlns:env="http://www.w3.org/2003/05/soap-envelope" xmlns:dp="http://www.datapower.com/schemas/management">
<mAdminState>enabled</mAdminState>
<Type>results</Type>
<Input>NULL</Input>
<ActionDebug persisted="false">off</ActionDebug>
<NamedInOutLocationType>default</NamedInOutLocationType>
<SSLClientConfigType>proxy</SSLClientConfigType>
<OutputType>default</OutputType>
<Transactional>off</Transactional>
<SOAPValidation>body</SOAPValidation>
<SQLSourceType>static</SQLSourceType>
<JWSVerifyStripSignature>on</JWSVerifyStripSignature>
<Asynchronous>off</Asynchronous>
<ResultsMode>first-available</ResultsMode>
<RetryCount>0</RetryCount>
<RetryInterval>1000</RetryInterval>
<MultipleOutputs>off</MultipleOutputs>
<IteratorType>XPATH</IteratorType>
<Timeout>0</Timeout>
<MethodRewriteType>GET</MethodRewriteType>
<MethodType>POST</MethodType>
<MethodType2>POST</MethodType2></StylePolicyAction><StylePolicyRule name="ESBGW.SBI.MPG_catch_error_rule" xmlns:env="http://www.w3.org/2003/05/soap-envelope" xmlns:dp="http://www.datapower.com/schemas/management">
<mAdminState>enabled</mAdminState>
<Direction>response-rule</Direction>
<InputFormat>none</InputFormat>
<OutputFormat>none</OutputFormat>
<NonXMLProcessing>off</NonXMLProcessing>
<Unprocessed>off</Unprocessed>
<Actions class="StylePolicyAction">ESBGW.SBI.MPG_catch_error_rule_xform_17</Actions>
<Actions class="StylePolicyAction">ESBGW.SBI.MPG_catch_error_rule_mq_0</Actions>
<Actions class="StylePolicyAction">ESBGW.SBI.MPG_catch_error_rule_xform_20</Actions>
<Actions class="StylePolicyAction">ESBGW.SBI.MPG_catch_error_rule_xform_23</Actions>
<Actions class="StylePolicyAction">ESBGW.SBI.MPG_catch_error_rule_results_output_0</Actions></StylePolicyRule><StylePolicyAction name="ESBGW.SBI.MPG_policy_error_rule_xformbin_0" xmlns:env="http://www.w3.org/2003/05/soap-envelope" xmlns:dp="http://www.datapower.com/schemas/management">
<mAdminState>enabled</mAdminState>
<Type>xformbin</Type>
<Input>INPUT</Input>
<Transform>local:///MakeError.xsl</Transform>
<ActionDebug persisted="false">off</ActionDebug>
<TxMode>dpa</TxMode>
<Output>error_out</Output>
<NamedInOutLocationType>default</NamedInOutLocationType>
<SSLClientConfigType>proxy</SSLClientConfigType>
<OutputType>default</OutputType>
<Transactional>off</Transactional>
<SOAPValidation>body</SOAPValidation>
<SQLSourceType>static</SQLSourceType>
<JWSVerifyStripSignature>on</JWSVerifyStripSignature>
<Asynchronous>off</Asynchronous>
<ResultsMode>first-available</ResultsMode>
<RetryCount>0</RetryCount>
<RetryInterval>1000</RetryInterval>
<MultipleOutputs>off</MultipleOutputs>
<IteratorType>XPATH</IteratorType>
<Timeout>0</Timeout>
<MethodRewriteType>GET</MethodRewriteType>
<MethodType>POST</MethodType>
<MethodType2>POST</MethodType2></StylePolicyAction><StylePolicyAction name="ESBGW.SBI.MPG_policy_error_rule_mq_0" xmlns:env="http://www.w3.org/2003/05/soap-envelope" xmlns:dp="http://www.datapower.com/schemas/management">
<mAdminState>enabled</mAdminState>
<Type>xform</Type>
<Input>error_out</Input>
<Transform>store:///mq-header.xsl</Transform>
<ActionDebug persisted="false">off</ActionDebug>
<Output>NULL</Output>
<NamedInOutLocationType>default</NamedInOutLocationType>
<SSLClientConfigType>proxy</SSLClientConfigType>
<StylesheetParameters>
<ParameterName>{http://www.datapower.com/param/config}mq-processing-type</ParameterName>
<ParameterValue>response</ParameterValue></StylesheetParameters>
<StylesheetParameters>
<ParameterName>{http://www.datapower.com/param/config}mqmd-reply-to-q-type</ParameterName>
<ParameterValue>empty</ParameterValue></StylesheetParameters>
<OutputType>default</OutputType>
<Transactional>off</Transactional>
<SOAPValidation>body</SOAPValidation>
<SQLSourceType>static</SQLSourceType>
<JWSVerifyStripSignature>on</JWSVerifyStripSignature>
<Asynchronous>off</Asynchronous>
<ResultsMode>first-available</ResultsMode>
<RetryCount>0</RetryCount>
<RetryInterval>1000</RetryInterval>
<MultipleOutputs>off</MultipleOutputs>
<IteratorType>XPATH</IteratorType>
<Timeout>0</Timeout>
<MethodRewriteType>GET</MethodRewriteType>
<MethodType>POST</MethodType>
<MethodType2>POST</MethodType2></StylePolicyAction><StylePolicyAction name="ESBGW.SBI.MPG_policy_error_rule_xform_40" xmlns:env="http://www.w3.org/2003/05/soap-envelope" xmlns:dp="http://www.datapower.com/schemas/management">
<mAdminState>enabled</mAdminState>
<Type>xform</Type>
<Input>error_out</Input>
<Transform>local:///ESB.LOG.xsl</Transform>
<ActionDebug persisted="false">off</ActionDebug>
<Output>NULL</Output>
<NamedInOutLocationType>default</NamedInOutLocationType>
<SSLClientConfigType>proxy</SSLClientConfigType>
<StylesheetParameters>
<ParameterName>{http://www.datapower.com/param/config}eventrcv</ParameterName>
<ParameterValue>var://context/log/eventreceiver</ParameterValue></StylesheetParameters>
<StylesheetParameters>
<ParameterName>{http://www.datapower.com/param/config}eventsrc</ParameterName>
<ParameterValue>var://context/log/eventsource</ParameterValue></StylesheetParameters>
<StylesheetParameters>
<ParameterName>{http://www.datapower.com/param/config}operation</ParameterName>
<ParameterValue>ERROR</ParameterValue></StylesheetParameters>
<OutputType>default</OutputType>
<Transactional>off</Transactional>
<SOAPValidation>body</SOAPValidation>
<SQLSourceType>static</SQLSourceType>
<JWSVerifyStripSignature>on</JWSVerifyStripSignature>
<Asynchronous>off</Asynchronous>
<ResultsMode>first-available</ResultsMode>
<RetryCount>0</RetryCount>
<RetryInterval>1000</RetryInterval>
<MultipleOutputs>off</MultipleOutputs>
<IteratorType>XPATH</IteratorType>
<Timeout>0</Timeout>
<MethodRewriteType>GET</MethodRewriteType>
<MethodType>POST</MethodType>
<MethodType2>POST</MethodType2></StylePolicyAction><StylePolicyAction name="ESBGW.SBI.MPG_policy_error_rule_xform_42" xmlns:env="http://www.w3.org/2003/05/soap-envelope" xmlns:dp="http://www.datapower.com/schemas/management">
<mAdminState>enabled</mAdminState>
<Type>xform</Type>
<Input>NULL</Input>
<Transform>local:///ESB.EXT.LOG.xsl</Transform>
<ActionDebug persisted="false">off</ActionDebug>
<Output>NULL</Output>
<NamedInOutLocationType>default</NamedInOutLocationType>
<SSLClientConfigType>proxy</SSLClientConfigType>
<StylesheetParameters>
<ParameterName>{http://www.datapower.com/param/config}ExtLogOperationStatus</ParameterName>
<ParameterValue>ERROR</ParameterValue></StylesheetParameters>
<OutputType>default</OutputType>
<Transactional>off</Transactional>
<SOAPValidation>body</SOAPValidation>
<SQLSourceType>static</SQLSourceType>
<JWSVerifyStripSignature>on</JWSVerifyStripSignature>
<Asynchronous>off</Asynchronous>
<ResultsMode>first-available</ResultsMode>
<RetryCount>0</RetryCount>
<RetryInterval>1000</RetryInterval>
<MultipleOutputs>off</MultipleOutputs>
<IteratorType>XPATH</IteratorType>
<Timeout>0</Timeout>
<MethodRewriteType>GET</MethodRewriteType>
<MethodType>POST</MethodType>
<MethodType2>POST</MethodType2></StylePolicyAction><StylePolicyAction name="ESBGW.SBI.MPG_policy_error_rule_results_output_0" xmlns:env="http://www.w3.org/2003/05/soap-envelope" xmlns:dp="http://www.datapower.com/schemas/management">
<mAdminState>enabled</mAdminState>
<Type>results</Type>
<Input>error_out</Input>
<ActionDebug persisted="false">off</ActionDebug>
<NamedInOutLocationType>default</NamedInOutLocationType>
<SSLClientConfigType>proxy</SSLClientConfigType>
<OutputType>default</OutputType>
<Transactional>off</Transactional>
<SOAPValidation>body</SOAPValidation>
<SQLSourceType>static</SQLSourceType>
<JWSVerifyStripSignature>on</JWSVerifyStripSignature>
<Asynchronous>off</Asynchronous>
<ResultsMode>first-available</ResultsMode>
<RetryCount>0</RetryCount>
<RetryInterval>1000</RetryInterval>
<MultipleOutputs>off</MultipleOutputs>
<IteratorType>XPATH</IteratorType>
<Timeout>0</Timeout>
<MethodRewriteType>GET</MethodRewriteType>
<MethodType>POST</MethodType>
<MethodType2>POST</MethodType2></StylePolicyAction><StylePolicyRule name="ESBGW.SBI.MPG_policy_error_rule" xmlns:env="http://www.w3.org/2003/05/soap-envelope" xmlns:dp="http://www.datapower.com/schemas/management">
<mAdminState>enabled</mAdminState>
<Direction>error-rule</Direction>
<InputFormat>none</InputFormat>
<OutputFormat>none</OutputFormat>
<NonXMLProcessing>off</NonXMLProcessing>
<Unprocessed>off</Unprocessed>
<Actions class="StylePolicyAction">ESBGW.SBI.MPG_policy_error_rule_xformbin_0</Actions>
<Actions class="StylePolicyAction">ESBGW.SBI.MPG_policy_error_rule_mq_0</Actions>
<Actions class="StylePolicyAction">ESBGW.SBI.MPG_policy_error_rule_xform_40</Actions>
<Actions class="StylePolicyAction">ESBGW.SBI.MPG_policy_error_rule_xform_42</Actions>
<Actions class="StylePolicyAction">ESBGW.SBI.MPG_policy_error_rule_results_output_0</Actions></StylePolicyRule><StylePolicy name="ESBGW.SBI.POLICY" xmlns:env="http://www.w3.org/2003/05/soap-envelope" xmlns:dp="http://www.datapower.com/schemas/management">
<mAdminState>enabled</mAdminState>
<DefStylesheetForSoap>store:///filter-reject-all.xsl</DefStylesheetForSoap>
<DefStylesheetForXsl>store:///identity.xsl</DefStylesheetForXsl>
<DefXQueryForJSON>store:///reject-all-json.xq</DefXQueryForJSON>
<PolicyMaps>
<Match class="Matching">MR.ALL</Match>
<Rule class="StylePolicyRule">ESBGW.SBI.MPG_policy_request_rule</Rule></PolicyMaps>
<PolicyMaps>
<Match class="Matching">MR.ALL</Match>
<Rule class="StylePolicyRule">ESBGW.SBI.MPG_catch_error_rule</Rule></PolicyMaps>
<PolicyMaps>
<Match class="Matching">MR.ALL</Match>
<Rule class="StylePolicyRule">ESBGW.SBI.MPG_policy_error_rule</Rule></PolicyMaps></StylePolicy><PolicyAttachments name="ESBGW.SBI.MPG" xmlns:env="http://www.w3.org/2003/05/soap-envelope" xmlns:dp="http://www.datapower.com/schemas/management">
<mAdminState>enabled</mAdminState>
<EnforcementMode>enforce</EnforcementMode>
<PolicyReferences>on</PolicyReferences>
<SLAEnforcementMode>allow-if-no-sla</SLAEnforcementMode></PolicyAttachments><MultiProtocolGateway name="ESBGW.SBI.MPG" xmlns:env="http://www.w3.org/2003/05/soap-envelope" xmlns:dp="http://www.datapower.com/schemas/management">
<mAdminState>enabled</mAdminState>
<Priority>normal</Priority>
<FrontProtocol class="MQSourceProtocolHandler">FSH.MQ.FROM.CB</FrontProtocol>
<FrontProtocol class="MQSourceProtocolHandler">FSH.MQ.FROM.ESB</FrontProtocol>
<XMLManager class="XMLManager">ESBGW.SBI.XMLM</XMLManager>
<SSLClientConfigType>proxy</SSLClientConfigType>
<DefaultParamNamespace>http://www.datapower.com/param/config</DefaultParamNamespace>
<QueryParamNamespace>http://www.datapower.com/param/query</QueryParamNamespace>
<PropagateURI>on</PropagateURI>
<MonitorProcessingPolicy>terminate-at-first-throttle</MonitorProcessingPolicy>
<RequestAttachments>allow</RequestAttachments>
<ResponseAttachments>strip</ResponseAttachments>
<RequestAttachmentsFlowControl>off</RequestAttachmentsFlowControl>
<ResponseAttachmentsFlowControl>off</ResponseAttachmentsFlowControl>
<RootPartNotFirstAction>process-in-order</RootPartNotFirstAction>
<FrontAttachmentFormat>dynamic</FrontAttachmentFormat>
<BackAttachmentFormat>dynamic</BackAttachmentFormat>
<MIMEFrontHeaders>on</MIMEFrontHeaders>
<MIMEBackHeaders>on</MIMEBackHeaders>
<StreamOutputToBack>buffer-until-verification</StreamOutputToBack>
<StreamOutputToFront>buffer-until-verification</StreamOutputToFront>
<MaxMessageSize>10240</MaxMessageSize>
<GatewayParserLimits>off</GatewayParserLimits>
<ParserLimitsElementDepth>512</ParserLimitsElementDepth>
<ParserLimitsAttributeCount>128</ParserLimitsAttributeCount>
<ParserLimitsMaxNodeSize>33554432</ParserLimitsMaxNodeSize>
<ParserLimitsForbidExternalReferences>on</ParserLimitsForbidExternalReferences>
<ParserLimitsExternalReferences>forbid</ParserLimitsExternalReferences>
<ParserLimitsMaxPrefixes>0</ParserLimitsMaxPrefixes>
<ParserLimitsMaxNamespaces>0</ParserLimitsMaxNamespaces>
<ParserLimitsMaxLocalNames>0</ParserLimitsMaxLocalNames>
<ParserLimitsAttachmentByteCount>2000000000</ParserLimitsAttachmentByteCount>
<ParserLimitsAttachmentPackageByteCount>0</ParserLimitsAttachmentPackageByteCount>
<DebugMode persisted="false">off</DebugMode>
<DebuggerType>internal</DebuggerType>
<DebugHistory>25</DebugHistory>
<FlowControl>off</FlowControl>
<SOAPSchemaURL>store:///schemas/soap-envelope.xsd</SOAPSchemaURL>
<FrontTimeout>120</FrontTimeout>
<BackTimeout>120</BackTimeout>
<FrontPersistentTimeout>180</FrontPersistentTimeout>
<BackPersistentTimeout>180</BackPersistentTimeout>
<IncludeResponseTypeEncoding>off</IncludeResponseTypeEncoding>
<BackHTTPVersion>HTTP/1.1</BackHTTPVersion>
<PersistentConnections>on</PersistentConnections>
<LoopDetection>off</LoopDetection>
<DoHostRewriting>on</DoHostRewriting>
<DoChunkedUpload>off</DoChunkedUpload>
<ProcessHTTPErrors>on</ProcessHTTPErrors>
<HTTPClientIPLabel>X-Client-IP</HTTPClientIPLabel>
<HTTPLogCorIDLabel>X-Global-Transaction-ID</HTTPLogCorIDLabel>
<InOrderMode>
<Request>off</Request>
<Backend>off</Backend>
<Response>off</Response></InOrderMode>
<WSAMode>sync2sync</WSAMode>
<WSARequireAAA>on</WSARequireAAA>
<WSAStrip>on</WSAStrip>
<WSADefaultReplyTo>http://schemas.xmlsoap.org/ws/2004/08/addressing/role/anonymous</WSADefaultReplyTo>
<WSADefaultFaultTo>http://schemas.xmlsoap.org/ws/2004/08/addressing/role/anonymous</WSADefaultFaultTo>
<WSAForce>off</WSAForce>
<WSAGenStyle>sync</WSAGenStyle>
<WSAHTTPAsyncResponseCode>204</WSAHTTPAsyncResponseCode>
<WSATimeout>120</WSATimeout>
<WSRMEnabled>off</WSRMEnabled>
<WSRMSequenceExpiration>3600</WSRMSequenceExpiration>
<WSRMDestinationAcceptCreateSequence>on</WSRMDestinationAcceptCreateSequence>
<WSRMDestinationMaximumSequences>400</WSRMDestinationMaximumSequences>
<WSRMDestinationInOrder>off</WSRMDestinationInOrder>
<WSRMDestinationMaximumInOrderQueueLength>10</WSRMDestinationMaximumInOrderQueueLength>
<WSRMDestinationAcceptOffers>off</WSRMDestinationAcceptOffers>
<WSRMFrontForce>off</WSRMFrontForce>
<WSRMBackForce>off</WSRMBackForce>
<WSRMBackCreateSequence>off</WSRMBackCreateSequence>
<WSRMFrontCreateSequence>off</WSRMFrontCreateSequence>
<WSRMSourceMakeOffer>off</WSRMSourceMakeOffer>
<WSRMUsesSequenceSSL>off</WSRMUsesSequenceSSL>
<WSRMSourceMaximumSequences>400</WSRMSourceMaximumSequences>
<WSRMSourceRetransmissionInterval>10</WSRMSourceRetransmissionInterval>
<WSRMSourceExponentialBackoff>on</WSRMSourceExponentialBackoff>
<WSRMSourceMaximumRetransmissions>4</WSRMSourceMaximumRetransmissions>
<WSRMSourceMaximumQueueLength>30</WSRMSourceMaximumQueueLength>
<WSRMSourceRequestAckCount>1</WSRMSourceRequestAckCount>
<WSRMSourceInactivityClose>360</WSRMSourceInactivityClose>
<ForcePolicyExec>off</ForcePolicyExec>
<RewriteErrors>on</RewriteErrors>
<DelayErrors>on</DelayErrors>
<DelayErrorsDuration>1000</DelayErrorsDuration>
<RequestType>preprocessed</RequestType>
<ResponseType>preprocessed</ResponseType>
<FollowRedirects>on</FollowRedirects>
<RewriteLocationHeader>off</RewriteLocationHeader>
<StylePolicy class="StylePolicy">ESBGW.SBI.POLICY</StylePolicy>
<Type>dynamic-backend</Type>
<AllowCompression>off</AllowCompression>
<AllowCacheControlHeader>off</AllowCacheControlHeader>
<PolicyAttachments class="PolicyAttachments">ESBGW.SBI.MPG</PolicyAttachments>
<GeneratedPolicies class="GeneratedPolicy">__gp_1453820367_0050</GeneratedPolicies>
<WSMAgentMonitor>off</WSMAgentMonitor>
<WSMAgentMonitorPCM>all-messages</WSMAgentMonitorPCM>
<ProxyHTTPResponse>off</ProxyHTTPResponse></MultiProtocolGateway><DomainAvailability name="default" intrinsic="true" xmlns:env="http://www.w3.org/2003/05/soap-envelope" xmlns:dp="http://www.datapower.com/schemas/management">
<mAdminState>disabled</mAdminState>
<MonitoredService>
<WSGatewayName/>
<MultiProtocolGatewayName class="MultiProtocolGateway">ESBGW.SBI.MPG</MultiProtocolGatewayName></MonitoredService></DomainAvailability><MessageType name="D.MONITOR.TYPES" xmlns:env="http://www.w3.org/2003/05/soap-envelope" xmlns:dp="http://www.datapower.com/schemas/management">
<mAdminState>enabled</mAdminState></MessageType><DurationMonitor name="D.MONITOR" xmlns:env="http://www.w3.org/2003/05/soap-envelope" xmlns:dp="http://www.datapower.com/schemas/management">
<mAdminState>enabled</mAdminState>
<MessageType class="MessageType">D.MONITOR.TYPES</MessageType>
<Measure>messages</Measure></DurationMonitor><LogTarget name="default-log" intrinsic="true" xmlns:env="http://www.w3.org/2003/05/soap-envelope" xmlns:dp="http://www.datapower.com/schemas/management">
<mAdminState read-only="true">enabled</mAdminState>
<UserSummary read-only="true">Default Domain Log</UserSummary>
<Type read-only="true">file</Type>
<Priority read-only="true">normal</Priority>
<SoapVersion read-only="true">soap11</SoapVersion>
<Format read-only="true">text</Format>
<TimestampFormat read-only="true">zulu</TimestampFormat>
<FixedFormat read-only="true">off</FixedFormat>
<Size read-only="true">500</Size>
<LocalFile read-only="true">logtemp:///default-log</LocalFile>
<ArchiveMode read-only="true">rotate</ArchiveMode>
<Rotate read-only="true">3</Rotate>
<UseANSIColor read-only="true">off</UseANSIColor>
<SyslogFacility read-only="true">user</SyslogFacility>
<RateLimit read-only="true">100</RateLimit>
<ConnectTimeout read-only="true">60</ConnectTimeout>
<IdleTimeout read-only="true">15</IdleTimeout>
<ActiveTimeout read-only="true">0</ActiveTimeout>
<FeedbackDetection read-only="true">off</FeedbackDetection>
<IdenticalEventSuppression read-only="true">off</IdenticalEventSuppression>
<IdenticalEventPeriod read-only="true">10</IdenticalEventPeriod>
<SSLClientConfigType read-only="true">proxy</SSLClientConfigType>
<LogEvents>
<Class class="LogLabel">all</Class>
<Priority>error</Priority></LogEvents>
<LogEvents>
<Class class="LogLabel">mgmt</Class>
<Priority>notice</Priority></LogEvents></LogTarget><Matching name="__default-accept-service-providers__" intrinsic="true" xmlns:env="http://www.w3.org/2003/05/soap-envelope" xmlns:dp="http://www.datapower.com/schemas/management">
<mAdminState>enabled</mAdminState>
<UserSummary>Match all messages.</UserSummary>
<MatchRules>
<Type>url</Type>
<HttpTag/>
<HttpValue/>
<Url>*</Url>
<ErrorCode/>
<XPATHExpression/>
<Method>default</Method>
<CustomMethod/></MatchRules>
<MatchWithPCRE>off</MatchWithPCRE>
<CombineWithOr>off</CombineWithOr></Matching><MessageMatching name="D.MONITOR.TYPES.TYPE" xmlns:env="http://www.w3.org/2003/05/soap-envelope" xmlns:dp="http://www.datapower.com/schemas/management">
<mAdminState>enabled</mAdminState>
<HTTPMethod>any</HTTPMethod></MessageMatching><MQQMGroup name="LOG.MQGR" xmlns:env="http://www.w3.org/2003/05/soap-envelope" xmlns:dp="http://www.datapower.com/schemas/management">
<mAdminState>enabled</mAdminState>
<PrimaryQueueManager class="MQQM">IRUS.SBI.GW1</PrimaryQueueManager></MQQMGroup><NFSDynamicMounts name="default" intrinsic="true" xmlns:env="http://www.w3.org/2003/05/soap-envelope" xmlns:dp="http://www.datapower.com/schemas/management">
<mAdminState>disabled</mAdminState>
<Version>3</Version>
<Transport>tcp</Transport>
<MountType>hard</MountType>
<ReadOnly>off</ReadOnly>
<ReadSize>4096</ReadSize>
<WriteSize>4096</WriteSize>
<Timeout>7</Timeout>
<Retransmissions>3</Retransmissions>
<IdleUnmountSeconds>900</IdleUnmountSeconds>
<MountTimeoutSeconds>30</MountTimeoutSeconds></NFSDynamicMounts><ProcessingMetadata name="ftp-usercert-metadata" intrinsic="true" xmlns:env="http://www.w3.org/2003/05/soap-envelope" xmlns:dp="http://www.datapower.com/schemas/management">
<mAdminState>enabled</mAdminState>
<MetaItem>
<MetaCategory>variable</MetaCategory>
<MetaName>dn</MetaName>
<DataSource>var://context/INPUT/ftp/tls/client-subject-dn</DataSource></MetaItem>
<MetaItem>
<MetaCategory>variable</MetaCategory>
<MetaName>issuer</MetaName>
<DataSource>var://context/INPUT/ftp/tls/client-issuer-dn</DataSource></MetaItem>
<MetaItem>
<MetaCategory>variable</MetaCategory>
<MetaName>serial</MetaName>
<DataSource>var://context/INPUT/ftp/tls/client-serial-number</DataSource></MetaItem></ProcessingMetadata><ProcessingMetadata name="ftp-username-metadata" intrinsic="true" xmlns:env="http://www.w3.org/2003/05/soap-envelope" xmlns:dp="http://www.datapower.com/schemas/management">
<mAdminState>enabled</mAdminState>
<MetaItem>
<MetaCategory>variable</MetaCategory>
<MetaName>dn</MetaName>
<DataSource>var://context/INPUT/ftp/tls/client-subject-dn</DataSource></MetaItem>
<MetaItem>
<MetaCategory>variable</MetaCategory>
<MetaName>issuer</MetaName>
<DataSource>var://context/INPUT/ftp/tls/client-issuer-dn</DataSource></MetaItem>
<MetaItem>
<MetaCategory>variable</MetaCategory>
<MetaName>password</MetaName>
<DataSource>var://context/INPUT/ftp/password</DataSource></MetaItem>
<MetaItem>
<MetaCategory>variable</MetaCategory>
<MetaName>serial</MetaName>
<DataSource>var://context/INPUT/ftp/tls/client-serial-number</DataSource></MetaItem>
<MetaItem>
<MetaCategory>variable</MetaCategory>
<MetaName>username</MetaName>
<DataSource>var://context/INPUT/ftp/username</DataSource></MetaItem></ProcessingMetadata><ProcessingMetadata name="oauth-scope-metadata" intrinsic="true" xmlns:env="http://www.w3.org/2003/05/soap-envelope" xmlns:dp="http://www.datapower.com/schemas/management">
<mAdminState>enabled</mAdminState>
<MetaItem>
<MetaCategory>variable</MetaCategory>
<MetaName>scope</MetaName>
<DataSource>var://context/INPUT/oauth/verified-scope</DataSource></MetaItem></ProcessingMetadata><ProcessingMetadata name="ssh-password-metadata" intrinsic="true" xmlns:env="http://www.w3.org/2003/05/soap-envelope" xmlns:dp="http://www.datapower.com/schemas/management">
<mAdminState>enabled</mAdminState>
<MetaItem>
<MetaCategory>variable</MetaCategory>
<MetaName>password</MetaName>
<DataSource>var://context/INPUT/ssh/password</DataSource></MetaItem>
<MetaItem>
<MetaCategory>variable</MetaCategory>
<MetaName>publickey</MetaName>
<DataSource>var://context/INPUT/ssh/publickey</DataSource></MetaItem>
<MetaItem>
<MetaCategory>variable</MetaCategory>
<MetaName>username</MetaName>
<DataSource>var://context/INPUT/ssh/username</DataSource></MetaItem></ProcessingMetadata><SLMAction name="notify" xmlns:env="http://www.w3.org/2003/05/soap-envelope" xmlns:dp="http://www.datapower.com/schemas/management">
<mAdminState>enabled</mAdminState>
<Type>log-only</Type>
<LogLevel>warn</LogLevel></SLMAction><SLMAction name="shape" xmlns:env="http://www.w3.org/2003/05/soap-envelope" xmlns:dp="http://www.datapower.com/schemas/management">
<mAdminState>enabled</mAdminState>
<Type>shape</Type>
<LogLevel>debug</LogLevel></SLMAction><SLMAction name="throttle" xmlns:env="http://www.w3.org/2003/05/soap-envelope" xmlns:dp="http://www.datapower.com/schemas/management">
<mAdminState>enabled</mAdminState>
<Type>reject</Type>
<LogLevel>debug</LogLevel></SLMAction><Statistics name="default" intrinsic="true" xmlns:env="http://www.w3.org/2003/05/soap-envelope" xmlns:dp="http://www.datapower.com/schemas/management">
<mAdminState>enabled</mAdminState>
<LoadInterval read-only="true">1000</LoadInterval></Statistics><StylePolicy name="default" intrinsic="true" xmlns:env="http://www.w3.org/2003/05/soap-envelope" xmlns:dp="http://www.datapower.com/schemas/management">
<mAdminState>enabled</mAdminState>
<UserSummary>Default Processing Policy</UserSummary>
<DefStylesheetForSoap>store:///filter-reject-all.xsl</DefStylesheetForSoap>
<DefStylesheetForXsl>store:///filter-reject-all.xsl</DefStylesheetForXsl>
<DefXQueryForJSON>store:///reject-all-json.xq</DefXQueryForJSON></StylePolicy><StylePolicyAction name="__default-accept-service-providers-filter-action__" intrinsic="true" xmlns:env="http://www.w3.org/2003/05/soap-envelope" xmlns:dp="http://www.datapower.com/schemas/management">
<mAdminState>enabled</mAdminState>
<Type>filter</Type>
<Input>NULL</Input>
<Transform>store:///filter-accept-service-providers.xsl</Transform>
<ActionDebug persisted="false">off</ActionDebug>
<NamedInOutLocationType>default</NamedInOutLocationType>
<SSLClientConfigType>proxy</SSLClientConfigType>
<Transactional>off</Transactional>
<SOAPValidation>body</SOAPValidation>
<SQLSourceType>static</SQLSourceType>
<JWSVerifyStripSignature>on</JWSVerifyStripSignature>
<Asynchronous>off</Asynchronous>
<ResultsMode>first-available</ResultsMode>
<RetryCount>0</RetryCount>
<RetryInterval>1000</RetryInterval>
<MultipleOutputs>off</MultipleOutputs>
<IteratorType>XPATH</IteratorType>
<Timeout>0</Timeout>
<MethodRewriteType>GET</MethodRewriteType>
<MethodType>POST</MethodType>
<MethodType2>POST</MethodType2></StylePolicyAction><StylePolicyAction name="__default-accept-service-providers-results-action__" intrinsic="true" xmlns:env="http://www.w3.org/2003/05/soap-envelope" xmlns:dp="http://www.datapower.com/schemas/management">
<mAdminState>enabled</mAdminState>
<Type>results</Type>
<Input>INPUT</Input>
<ActionDebug persisted="false">off</ActionDebug>
<NamedInOutLocationType>default</NamedInOutLocationType>
<SSLClientConfigType>proxy</SSLClientConfigType>
<Transactional>off</Transactional>
<SOAPValidation>body</SOAPValidation>
<SQLSourceType>static</SQLSourceType>
<JWSVerifyStripSignature>on</JWSVerifyStripSignature>
<Asynchronous>off</Asynchronous>
<ResultsMode>first-available</ResultsMode>
<RetryCount>0</RetryCount>
<RetryInterval>1000</RetryInterval>
<MultipleOutputs>off</MultipleOutputs>
<IteratorType>XPATH</IteratorType>
<Timeout>0</Timeout>
<MethodRewriteType>GET</MethodRewriteType>
<MethodType>POST</MethodType>
<MethodType2>POST</MethodType2></StylePolicyAction><StylePolicyRule name="__default-accept-service-providers-request__" intrinsic="true" xmlns:env="http://www.w3.org/2003/05/soap-envelope" xmlns:dp="http://www.datapower.com/schemas/management">
<mAdminState>enabled</mAdminState>
<UserSummary>Accept messages intended for known services, reject everything else.</UserSummary>
<Direction>request-rule</Direction>
<InputFormat>none</InputFormat>
<OutputFormat>none</OutputFormat>
<NonXMLProcessing>off</NonXMLProcessing>
<Unprocessed>off</Unprocessed>
<Actions class="StylePolicyAction">__default-accept-service-providers-filter-action__</Actions>
<Actions class="StylePolicyAction">__default-accept-service-providers-results-action__</Actions></StylePolicyRule><StylePolicyRule name="__default-accept-service-providers-response__" intrinsic="true" xmlns:env="http://www.w3.org/2003/05/soap-envelope" xmlns:dp="http://www.datapower.com/schemas/management">
<mAdminState>enabled</mAdminState>
<UserSummary>Accept responses received from known services.</UserSummary>
<Direction>response-rule</Direction>
<InputFormat>none</InputFormat>
<OutputFormat>none</OutputFormat>
<NonXMLProcessing>off</NonXMLProcessing>
<Unprocessed>off</Unprocessed>
<Actions class="StylePolicyAction">__default-accept-service-providers-results-action__</Actions></StylePolicyRule><StylePolicy name="default-accept-service-providers" intrinsic="true" xmlns:env="http://www.w3.org/2003/05/soap-envelope" xmlns:dp="http://www.datapower.com/schemas/management">
<mAdminState>enabled</mAdminState>
<UserSummary>Default Processing Policy which accepts only messages that match known WSRR services in a Multi-Protocol Gateway.</UserSummary>
<DefStylesheetForSoap>store:///filter-reject-all.xsl</DefStylesheetForSoap>
<DefStylesheetForXsl>store:///identity.xsl</DefStylesheetForXsl>
<DefXQueryForJSON>store:///reject-all-json.xq</DefXQueryForJSON>
<PolicyMaps>
<Match class="Matching">__default-accept-service-providers__</Match>
<Rule class="StylePolicyRule">__default-accept-service-providers-request__</Rule></PolicyMaps>
<PolicyMaps>
<Match class="Matching">__default-accept-service-providers__</Match>
<Rule class="StylePolicyRule">__default-accept-service-providers-response__</Rule></PolicyMaps></StylePolicy><StylePolicyAction name="__dp-policy-call-action__" intrinsic="true" xmlns:env="http://www.w3.org/2003/05/soap-envelope" xmlns:dp="http://www.datapower.com/schemas/management">
<mAdminState>enabled</mAdminState>
<UserSummary>Call the next policy.</UserSummary>
<Type>call</Type>
<Input>INPUT</Input>
<ActionDebug persisted="false">off</ActionDebug>
<Output>INPUT</Output>
<NamedInOutLocationType>default</NamedInOutLocationType>
<SSLClientConfigType>proxy</SSLClientConfigType>
<Rule>var://context/policy/fw/call-rule</Rule>
<Transactional>off</Transactional>
<SOAPValidation>body</SOAPValidation>
<SQLSourceType>static</SQLSourceType>
<JWSVerifyStripSignature>on</JWSVerifyStripSignature>
<Asynchronous>off</Asynchronous>
<ResultsMode>first-available</ResultsMode>
<RetryCount>0</RetryCount>
<RetryInterval>1000</RetryInterval>
<MultipleOutputs>off</MultipleOutputs>
<IteratorType>XPATH</IteratorType>
<Timeout>0</Timeout>
<MethodRewriteType>GET</MethodRewriteType>
<MethodType>POST</MethodType>
<MethodType2>POST</MethodType2></StylePolicyAction><StylePolicyAction name="__dp-policy-init-xform-action__" intrinsic="true" xmlns:env="http://www.w3.org/2003/05/soap-envelope" xmlns:dp="http://www.datapower.com/schemas/management">
<mAdminState>enabled</mAdminState>
<UserSummary>Set up context vars and annotate map XML.</UserSummary>
<Type>xform</Type>
<Input>NULL</Input>
<Transform>store://dp/policy-enforce-init.xsl</Transform>
<ActionDebug persisted="false">off</ActionDebug>
<Output>NULL</Output>
<NamedInOutLocationType>default</NamedInOutLocationType>
<SSLClientConfigType>proxy</SSLClientConfigType>
<Transactional>off</Transactional>
<SOAPValidation>body</SOAPValidation>
<SQLSourceType>static</SQLSourceType>
<JWSVerifyStripSignature>on</JWSVerifyStripSignature>
<Asynchronous>off</Asynchronous>
<ResultsMode>first-available</ResultsMode>
<RetryCount>0</RetryCount>
<RetryInterval>1000</RetryInterval>
<MultipleOutputs>off</MultipleOutputs>
<IteratorType>XPATH</IteratorType>
<Timeout>0</Timeout>
<MethodRewriteType>GET</MethodRewriteType>
<MethodType>POST</MethodType>
<MethodType2>POST</MethodType2></StylePolicyAction><StylePolicyAction name="__dp-policy-results-action__" intrinsic="true" xmlns:env="http://www.w3.org/2003/05/soap-envelope" xmlns:dp="http://www.datapower.com/schemas/management">
<mAdminState>enabled</mAdminState>
<UserSummary>Results action for our policy enforcement rules.</UserSummary>
<Type>results</Type>
<Input>INPUT</Input>
<ActionDebug persisted="false">off</ActionDebug>
<NamedInOutLocationType>default</NamedInOutLocationType>
<SSLClientConfigType>proxy</SSLClientConfigType>
<Transactional>off</Transactional>
<SOAPValidation>body</SOAPValidation>
<SQLSourceType>static</SQLSourceType>
<JWSVerifyStripSignature>on</JWSVerifyStripSignature>
<Asynchronous>off</Asynchronous>
<ResultsMode>first-available</ResultsMode>
<RetryCount>0</RetryCount>
<RetryInterval>1000</RetryInterval>
<MultipleOutputs>off</MultipleOutputs>
<IteratorType>XPATH</IteratorType>
<Timeout>0</Timeout>
<MethodRewriteType>GET</MethodRewriteType>
<MethodType>POST</MethodType>
<MethodType2>POST</MethodType2></StylePolicyAction><StylePolicyAction name="__dp-policy-traverse-xform-action__" intrinsic="true" xmlns:env="http://www.w3.org/2003/05/soap-envelope" xmlns:dp="http://www.datapower.com/schemas/management">
<mAdminState>enabled</mAdminState>
<UserSummary>Identify next policy by traversing the annotated map.</UserSummary>
<Type>xform</Type>
<Input>NULL</Input>
<Transform>store://dp/policy-enforce-traverse.xsl</Transform>
<ActionDebug persisted="false">off</ActionDebug>
<Output>NULL</Output>
<NamedInOutLocationType>default</NamedInOutLocationType>
<SSLClientConfigType>proxy</SSLClientConfigType>
<Transactional>off</Transactional>
<SOAPValidation>body</SOAPValidation>
<SQLSourceType>static</SQLSourceType>
<JWSVerifyStripSignature>on</JWSVerifyStripSignature>
<Asynchronous>off</Asynchronous>
<ResultsMode>first-available</ResultsMode>
<RetryCount>0</RetryCount>
<RetryInterval>1000</RetryInterval>
<MultipleOutputs>off</MultipleOutputs>
<IteratorType>XPATH</IteratorType>
<Timeout>0</Timeout>
<MethodRewriteType>GET</MethodRewriteType>
<MethodType>POST</MethodType>
<MethodType2>POST</MethodType2></StylePolicyAction><StylePolicyAction name="ACCEPT_FILTER" xmlns:env="http://www.w3.org/2003/05/soap-envelope" xmlns:dp="http://www.datapower.com/schemas/management">
<mAdminState>enabled</mAdminState>
<UserSummary>Default Accept</UserSummary>
<Type>filter</Type>
<Input>NULL</Input>
<Transform>store:///filter-accept-all.xsl</Transform>
<ActionDebug persisted="false">off</ActionDebug>
<NamedInOutLocationType>default</NamedInOutLocationType>
<SSLClientConfigType>proxy</SSLClientConfigType>
<Transactional>off</Transactional>
<SOAPValidation>body</SOAPValidation>
<SQLSourceType>static</SQLSourceType>
<JWSVerifyStripSignature>on</JWSVerifyStripSignature>
<Asynchronous>off</Asynchronous>
<ResultsMode>first-available</ResultsMode>
<RetryCount>0</RetryCount>
<RetryInterval>1000</RetryInterval>
<MultipleOutputs>off</MultipleOutputs>
<IteratorType>XPATH</IteratorType>
<Timeout>0</Timeout>
<MethodRewriteType>GET</MethodRewriteType>
<MethodType>POST</MethodType>
<MethodType2>POST</MethodType2></StylePolicyAction><StylePolicyAction name="EFS.SBE.RESPONSE_antivirus_0" xmlns:env="http://www.w3.org/2003/05/soap-envelope" xmlns:dp="http://www.datapower.com/schemas/management">
<mAdminState>enabled</mAdminState>
<Type>filter</Type>
<Input>binData</Input>
<Transform>local:///allXSLFunction.xsl</Transform>
<InputLanguage>json</InputLanguage>
<TransformLanguage>xquery</TransformLanguage>
<ActionDebug persisted="false">off</ActionDebug>
<TxMode>default</TxMode>
<Output>NULL</Output>
<NamedInOutLocationType>default</NamedInOutLocationType>
<SSLClientConfigType>proxy</SSLClientConfigType>
<StylesheetParameters>
<ParameterName>{http://www.datapower.com/param/config}AntiVirusProcessingMode</ParameterName>
<ParameterValue>xpath</ParameterValue></StylesheetParameters>
<StylesheetParameters>
<ParameterName>{http://www.datapower.com/param/config}AntiVirusXPathSelection</ParameterName>
<ParameterValue>/BinData/text()</ParameterValue></StylesheetParameters>
<StylesheetParameters>
<ParameterName>{http://www.datapower.com/param/config}ICAPHostType</ParameterName>
<ParameterValue>custom</ParameterValue></StylesheetParameters>
<StylesheetParameters>
<ParameterName>{http://www.datapower.com/param/config}ICAPRemoteHost</ParameterName>
<ParameterValue>10.67.252.206</ParameterValue></StylesheetParameters>
<StylesheetParameters>
<ParameterName>{http://www.datapower.com/param/config}ICAPRemotePort</ParameterName>
<ParameterValue>1344</ParameterValue></StylesheetParameters>
<StylesheetParameters>
<ParameterName>{http://www.datapower.com/param/config}ICAPRemoteURI</ParameterName>
<ParameterValue>/av/reqmod/</ParameterValue></StylesheetParameters>
<OutputType>default</OutputType>
<Transactional>off</Transactional>
<SOAPValidation>body</SOAPValidation>
<SQLSourceType>static</SQLSourceType>
<JOSESerializationType>compact</JOSESerializationType>
<JWEEncAlgorithm>A128CBC-HS256</JWEEncAlgorithm>
<JOSEVerifyType>identifiers</JOSEVerifyType>
<JOSEDecryptType>identifiers</JOSEDecryptType>
<JWSVerifyStripSignature>on</JWSVerifyStripSignature>
<Asynchronous>off</Asynchronous>
<ResultsMode>first-available</ResultsMode>
<RetryCount>0</RetryCount>
<RetryInterval>1000</RetryInterval>
<MultipleOutputs>off</MultipleOutputs>
<IteratorType>XPATH</IteratorType>
<Timeout>0</Timeout>
<MethodRewriteType>GET</MethodRewriteType>
<MethodType>POST</MethodType>
<MethodType2>POST</MethodType2></StylePolicyAction><StylePolicyAction name="ESBGW.SBI.MPG_policy_error_rule_mq_1" xmlns:env="http://www.w3.org/2003/05/soap-envelope" xmlns:dp="http://www.datapower.com/schemas/management">
<mAdminState>enabled</mAdminState>
<Type>xform</Type>
<Input>INPUT</Input>
<Transform>store:///mq-header.xsl</Transform>
<ActionDebug persisted="false">off</ActionDebug>
<Output>NULL</Output>
<NamedInOutLocationType>default</NamedInOutLocationType>
<SSLClientConfigType>proxy</SSLClientConfigType>
<StylesheetParameters>
<ParameterName>{http://www.datapower.com/param/config}mq-processing-type</ParameterName>
<ParameterValue>response</ParameterValue></StylesheetParameters>
<StylesheetParameters>
<ParameterName>{http://www.datapower.com/param/config}mqmd-reply-to-q-type</ParameterName>
<ParameterValue>empty</ParameterValue></StylesheetParameters>
<OutputType>default</OutputType>
<Transactional>off</Transactional>
<SOAPValidation>body</SOAPValidation>
<SQLSourceType>static</SQLSourceType>
<JWSVerifyStripSignature>on</JWSVerifyStripSignature>
<Asynchronous>off</Asynchronous>
<ResultsMode>first-available</ResultsMode>
<RetryCount>0</RetryCount>
<RetryInterval>1000</RetryInterval>
<MultipleOutputs>off</MultipleOutputs>
<IteratorType>XPATH</IteratorType>
<Timeout>0</Timeout>
<MethodRewriteType>GET</MethodRewriteType>
<MethodType>POST</MethodType>
<MethodType2>POST</MethodType2></StylePolicyAction><StylePolicyAction name="ESBGW.SBI.MPG_policy_request_rule_xformbin_2" xmlns:env="http://www.w3.org/2003/05/soap-envelope" xmlns:dp="http://www.datapower.com/schemas/management">
<mAdminState>enabled</mAdminState>
<Type>xformbin</Type>
<Input>INPUT</Input>
<Transform>local:///changeXMIT.xsl</Transform>
<ActionDebug persisted="false">off</ActionDebug>
<TxMode>dpa</TxMode>
<Output>PIPE</Output>
<NamedInOutLocationType>default</NamedInOutLocationType>
<SSLClientConfigType>proxy</SSLClientConfigType>
<OutputType>default</OutputType>
<Transactional>off</Transactional>
<SOAPValidation>body</SOAPValidation>
<SQLSourceType>static</SQLSourceType>
<JWSVerifyStripSignature>on</JWSVerifyStripSignature>
<Asynchronous>off</Asynchronous>
<ResultsMode>first-available</ResultsMode>
<RetryCount>0</RetryCount>
<RetryInterval>1000</RetryInterval>
<MultipleOutputs>off</MultipleOutputs>
<IteratorType>XPATH</IteratorType>
<Timeout>0</Timeout>
<MethodRewriteType>GET</MethodRewriteType>
<MethodType>POST</MethodType>
<MethodType2>POST</MethodType2></StylePolicyAction><StylePolicyAction name="REJECT_FILTER" xmlns:env="http://www.w3.org/2003/05/soap-envelope" xmlns:dp="http://www.datapower.com/schemas/management">
<mAdminState>enabled</mAdminState>
<UserSummary>Default Reject</UserSummary>
<Type>filter</Type>
<Input>NULL</Input>
<Transform>store:///filter-reject-all.xsl</Transform>
<ActionDebug persisted="false">off</ActionDebug>
<NamedInOutLocationType>default</NamedInOutLocationType>
<SSLClientConfigType>proxy</SSLClientConfigType>
<Transactional>off</Transactional>
<SOAPValidation>body</SOAPValidation>
<SQLSourceType>static</SQLSourceType>
<JWSVerifyStripSignature>on</JWSVerifyStripSignature>
<Asynchronous>off</Asynchronous>
<ResultsMode>first-available</ResultsMode>
<RetryCount>0</RetryCount>
<RetryInterval>1000</RetryInterval>
<MultipleOutputs>off</MultipleOutputs>
<IteratorType>XPATH</IteratorType>
<Timeout>0</Timeout>
<MethodRewriteType>GET</MethodRewriteType>
<MethodType>POST</MethodType>
<MethodType2>POST</MethodType2></StylePolicyAction><StylePolicyRule name="__dp-policy-begin__" intrinsic="true" xmlns:env="http://www.w3.org/2003/05/soap-envelope" xmlns:dp="http://www.datapower.com/schemas/management">
<mAdminState>enabled</mAdminState>
<UserSummary>Initiate policy enforcement by annotating policy and determining first policy to enforce.</UserSummary>
<Direction>rule</Direction>
<InputFormat>none</InputFormat>
<OutputFormat>none</OutputFormat>
<NonXMLProcessing>off</NonXMLProcessing>
<Unprocessed>off</Unprocessed>
<Actions class="StylePolicyAction">__dp-policy-init-xform-action__</Actions>
<Actions class="StylePolicyAction">__dp-policy-traverse-xform-action__</Actions>
<Actions class="StylePolicyAction">__dp-policy-call-action__</Actions>
<Actions class="StylePolicyAction">__dp-policy-results-action__</Actions></StylePolicyRule><StylePolicyRule name="ACCEPT" xmlns:env="http://www.w3.org/2003/05/soap-envelope" xmlns:dp="http://www.datapower.com/schemas/management">
<mAdminState>enabled</mAdminState>
<UserSummary>Default Accept Rule</UserSummary>
<Direction>rule</Direction>
<InputFormat>none</InputFormat>
<OutputFormat>none</OutputFormat>
<NonXMLProcessing>off</NonXMLProcessing>
<Unprocessed>off</Unprocessed>
<Actions class="StylePolicyAction">ACCEPT_FILTER</Actions></StylePolicyRule><StylePolicyRule name="ACCEPT-REQUEST" xmlns:env="http://www.w3.org/2003/05/soap-envelope" xmlns:dp="http://www.datapower.com/schemas/management">
<mAdminState>enabled</mAdminState>
<UserSummary>Default Accept Request Rule</UserSummary>
<Direction>request-rule</Direction>
<InputFormat>none</InputFormat>
<OutputFormat>none</OutputFormat>
<NonXMLProcessing>off</NonXMLProcessing>
<Unprocessed>off</Unprocessed>
<Actions class="StylePolicyAction">ACCEPT_FILTER</Actions></StylePolicyRule><StylePolicyRule name="ACCEPT-RESPONSE" xmlns:env="http://www.w3.org/2003/05/soap-envelope" xmlns:dp="http://www.datapower.com/schemas/management">
<mAdminState>enabled</mAdminState>
<UserSummary>Default Accept Response Rule</UserSummary>
<Direction>response-rule</Direction>
<InputFormat>none</InputFormat>
<OutputFormat>none</OutputFormat>
<NonXMLProcessing>off</NonXMLProcessing>
<Unprocessed>off</Unprocessed>
<Actions class="StylePolicyAction">ACCEPT_FILTER</Actions></StylePolicyRule><StylePolicyRule name="REJECT" xmlns:env="http://www.w3.org/2003/05/soap-envelope" xmlns:dp="http://www.datapower.com/schemas/management">
<mAdminState>enabled</mAdminState>
<UserSummary>Default Reject Rule</UserSummary>
<Direction>rule</Direction>
<InputFormat>none</InputFormat>
<OutputFormat>none</OutputFormat>
<NonXMLProcessing>off</NonXMLProcessing>
<Unprocessed>off</Unprocessed>
<Actions class="StylePolicyAction">REJECT_FILTER</Actions></StylePolicyRule><StylePolicyRule name="REJECT-REQUEST" xmlns:env="http://www.w3.org/2003/05/soap-envelope" xmlns:dp="http://www.datapower.com/schemas/management">
<mAdminState>enabled</mAdminState>
<UserSummary>Default Reject Request Rule</UserSummary>
<Direction>request-rule</Direction>
<InputFormat>none</InputFormat>
<OutputFormat>none</OutputFormat>
<NonXMLProcessing>off</NonXMLProcessing>
<Unprocessed>off</Unprocessed>
<Actions class="StylePolicyAction">REJECT_FILTER</Actions></StylePolicyRule><StylePolicyRule name="REJECT-RESPONSE" xmlns:env="http://www.w3.org/2003/05/soap-envelope" xmlns:dp="http://www.datapower.com/schemas/management">
<mAdminState>enabled</mAdminState>
<UserSummary>Default Reject Response Rule</UserSummary>
<Direction>response-rule</Direction>
<InputFormat>none</InputFormat>
<OutputFormat>none</OutputFormat>
<NonXMLProcessing>off</NonXMLProcessing>
<Unprocessed>off</Unprocessed>
<Actions class="StylePolicyAction">REJECT_FILTER</Actions></StylePolicyRule><WebServicesAgent name="default" intrinsic="true" xmlns:env="http://www.w3.org/2003/05/soap-envelope" xmlns:dp="http://www.datapower.com/schemas/management">
<mAdminState>enabled</mAdminState>
<MaxRecords>3000</MaxRecords>
<MaxMemoryKB>64000</MaxMemoryKB>
<CaptureMode>faults</CaptureMode>
<BufferMode>discard</BufferMode>
<MediationMetrics>off</MediationMetrics>
<PushInterval>100</PushInterval>
<PushPriority>normal</PushPriority></WebServicesAgent><WSStylePolicy name="default" intrinsic="true" xmlns:env="http://www.w3.org/2003/05/soap-envelope" xmlns:dp="http://www.datapower.com/schemas/management">
<mAdminState>enabled</mAdminState>
<UserSummary>Default Processing Policy</UserSummary>
<DefStylesheetForSoap>store:///filter-reject-all.xsl</DefStylesheetForSoap>
<DefStylesheetForXsl>store:///identity.xsl</DefStylesheetForXsl></WSStylePolicy><XMLManager name="default" intrinsic="true" xmlns:env="http://www.w3.org/2003/05/soap-envelope" xmlns:dp="http://www.datapower.com/schemas/management">
<mAdminState>enabled</mAdminState>
<UserSummary>Default XML-Manager</UserSummary>
<CacheSize>256</CacheSize>
<SHA1Caching>on</SHA1Caching>
<StaticDocumentCalls>on</StaticDocumentCalls>
<SearchResults>on</SearchResults>
<SupportTxWarn>off</SupportTxWarn>
<Memoization>on</Memoization>
<ParserLimitsBytesScanned>4194304</ParserLimitsBytesScanned>
<ParserLimitsElementDepth>512</ParserLimitsElementDepth>
<ParserLimitsAttributeCount>128</ParserLimitsAttributeCount>
<ParserLimitsMaxNodeSize>33554432</ParserLimitsMaxNodeSize>
<ParserLimitsForbidExternalReferences>on</ParserLimitsForbidExternalReferences>
<ParserLimitsExternalReferences>forbid</ParserLimitsExternalReferences>
<ParserLimitsMaxPrefixes>0</ParserLimitsMaxPrefixes>
<ParserLimitsMaxNamespaces>0</ParserLimitsMaxNamespaces>
<ParserLimitsMaxLocalNames>0</ParserLimitsMaxLocalNames>
<DocCacheMaxDocs>5000</DocCacheMaxDocs>
<DocCacheSize>0</DocCacheSize>
<DocMaxWrites>32768</DocMaxWrites>
<UserAgent class="HTTPUserAgent">default</UserAgent></XMLManager><XMLManager name="default-attempt-stream" intrinsic="true" xmlns:env="http://www.w3.org/2003/05/soap-envelope" xmlns:dp="http://www.datapower.com/schemas/management">
<mAdminState>enabled</mAdminState>
<UserSummary>Default Streaming XML-Manager</UserSummary>
<CompileOptionsPolicy class="CompileOptionsPolicy">default-attempt-stream</CompileOptionsPolicy>
<CacheSize>256</CacheSize>
<SHA1Caching>on</SHA1Caching>
<StaticDocumentCalls>on</StaticDocumentCalls>
<SearchResults>on</SearchResults>
<SupportTxWarn>off</SupportTxWarn>
<Memoization>on</Memoization>
<ParserLimitsBytesScanned>268435456</ParserLimitsBytesScanned>
<ParserLimitsElementDepth>512</ParserLimitsElementDepth>
<ParserLimitsAttributeCount>128</ParserLimitsAttributeCount>
<ParserLimitsMaxNodeSize>268435456</ParserLimitsMaxNodeSize>
<ParserLimitsForbidExternalReferences>on</ParserLimitsForbidExternalReferences>
<ParserLimitsExternalReferences>forbid</ParserLimitsExternalReferences>
<ParserLimitsMaxPrefixes>0</ParserLimitsMaxPrefixes>
<ParserLimitsMaxNamespaces>0</ParserLimitsMaxNamespaces>
<ParserLimitsMaxLocalNames>0</ParserLimitsMaxLocalNames>
<DocCacheMaxDocs>5000</DocCacheMaxDocs>
<DocCacheSize>0</DocCacheSize>
<DocMaxWrites>32768</DocMaxWrites>
<UserAgent class="HTTPUserAgent">default</UserAgent></XMLManager><XMLManager name="default-wsrr" xmlns:env="http://www.w3.org/2003/05/soap-envelope" xmlns:dp="http://www.datapower.com/schemas/management">
<mAdminState>enabled</mAdminState>
<UserSummary>WSRR XML-Manager</UserSummary>
<CacheSize>256</CacheSize>
<SHA1Caching>on</SHA1Caching>
<StaticDocumentCalls>on</StaticDocumentCalls>
<SearchResults>on</SearchResults>
<SupportTxWarn>off</SupportTxWarn>
<Memoization>on</Memoization>
<ParserLimitsBytesScanned>4194304</ParserLimitsBytesScanned>
<ParserLimitsElementDepth>512</ParserLimitsElementDepth>
<ParserLimitsAttributeCount>128</ParserLimitsAttributeCount>
<ParserLimitsMaxNodeSize>33554432</ParserLimitsMaxNodeSize>
<ParserLimitsForbidExternalReferences>on</ParserLimitsForbidExternalReferences>
<ParserLimitsExternalReferences>forbid</ParserLimitsExternalReferences>
<ParserLimitsMaxPrefixes>1024</ParserLimitsMaxPrefixes>
<ParserLimitsMaxNamespaces>1024</ParserLimitsMaxNamespaces>
<ParserLimitsMaxLocalNames>60000</ParserLimitsMaxLocalNames>
<DocCacheMaxDocs>5000</DocCacheMaxDocs>
<DocCacheSize>0</DocCacheSize>
<DocMaxWrites>32768</DocMaxWrites>
<UserAgent class="HTTPUserAgent">default</UserAgent></XMLManager></configuration><files><file name="local:///ParamsToContext.xsl" src="local/ParamsToContext.xsl" location="local" hash="+4SjI1hAHh6wea7agVsGptmfuWE="/><file name="local:///allParameters.xsl" src="local/allParameters.xsl" location="local" hash="rCtwIdGJziz68OhVNd+5vtpoI6g="/><file name="local:///routes/IGRoutes.xml" src="local/routes/IGRoutes.xml" location="local" hash="AEky3rqGx2zi4HNjyPBx5SwtAxU="/><file name="local:///CheckMQRC.xslt" src="local/CheckMQRC.xslt" location="local" hash="pnk5PrNcRXRs4WA+ZBZT9btDOow="/><file name="local:///MakeErrorSBIDefault.xsl" src="local/MakeErrorSBIDefault.xsl" location="local" hash="oMAptNvJ8MhGWQ2J2pY1ByFgxBE="/><file name="local:///DeleteXmitHeaders.xsl" src="local/DeleteXmitHeaders.xsl" location="local" hash="d9ACGF7vtH/DnuiopSy5BBDIRvc="/><file name="local:///HeaderAndBodyOutput.ffd" src="local/HeaderAndBodyOutput.ffd" location="local" hash="bgWOAP3mo78ROTbg02a2AVccvHI="/><file name="local:///Route.xsl" src="local/Route.xsl" location="local" hash="Y3E6WxyTRORBF5R+7bBGlueIU58="/><file name="local:///dict/sbi/operations.xml" src="local/dict/sbi/operations.xml" location="local" hash="KSCyzpdyaSt46j7KihvpXmGygr8="/><file name="local:///dict/sbi/msgs.xml" src="local/dict/sbi/msgs.xml" location="local" hash="lKtQDDYrf8yRZDl2FP/GzBPq8CM="/><file name="local:///dict/sbi/diagnostic.xml" src="local/dict/sbi/diagnostic.xml" location="local" hash="ZnnVOvAaDwuJerYVSVNc02HzFqk="/><file name="local:///routeFunctions.xsl" src="local/routeFunctions.xsl" location="local" hash="lwW+TybpZKa2q4HBhgf3ZgPkwao="/><file name="local:///allXSLFunction.xsl" src="local/allXSLFunction.xsl" location="local" hash="x3cx0c8H+C2l6WO/BRlNk369yiI="/><file name="local:///Base64Input.ffd" src="local/Base64Input.ffd" location="local" hash="vF29LpTuABQcSSh3JAlKrXlbivQ="/><file name="local:///hexBinary.ffd" src="local/hexBinary.ffd" location="local" hash="3gWT8tsHXX5HwlO7nBft0nh5mpk="/><file name="local:///binarycheck/antivirus.xsl" src="local/binarycheck/antivirus.xsl" location="local" hash="nYL7p7wZC8kFe/erye6pdFk3u18="/><file name="local:///binarycheck/MappingXPATH.xml" src="local/binarycheck/MappingXPATH.xml" location="local" hash="1USdUeC4RPz66FBvBmmwfUOQA3E="/><file name="local:///binarycheck/durationTest2.xsl" src="local/binarycheck/durationTest2.xsl" location="local" hash="xCx6JRUDYzEiR+nLM1AvJhUaMvY="/><file name="local:///binarycheck/antivirussym.xsl" src="local/binarycheck/antivirussym.xsl" location="local" hash="oMXC6UPfStt1sBNSoZaUiDW1pyE="/><file name="local:///binarycheck/selectXpathForBind_advanced.xsl" src="local/binarycheck/selectXpathForBind_advanced.xsl" location="local" hash="DQL3LhfOTA8sZ0+q3+05QzpRqgc="/><file name="local:///binarycheck/durationTest.xsl" src="local/binarycheck/durationTest.xsl" location="local" hash="8P7jlOLde9yWRLb8WNdZChNZ4GU="/><file name="local:///binarycheck/antiviruskasp.xsl" src="local/binarycheck/antiviruskasp.xsl" location="local" hash="3h0VNycbhCg6+4MzDAzaQcomIMQ="/><file name="local:///binarycheck/selectXpathForBind.xsl" src="local/binarycheck/selectXpathForBind.xsl" location="local" hash="bsMG2RX427gzWQi+Eaqzxk9gCYI="/><file name="local:///binarycheck/MappingHexBin.xml" src="local/binarycheck/MappingHexBin.xml" location="local" hash="LlFGr8w/KrOpXLFCGT0Ztkfmlo4="/><file name="local:///MakeError.xsl" src="local/MakeError.xsl" location="local" hash="y7LD/BOIsAP0m0vwYaCgCG/UV7I="/><file name="local:///ESB.LOG.xsl" src="local/ESB.LOG.xsl" location="local" hash="bjSsxEqANX+8itt9uwDOwYHGq4I="/><file name="local:///processXMIT.xslt" src="local/processXMIT.xslt" location="local" hash="RaSRqadxf8sSztv2TAwqtQmG7so="/><file name="local:///allMQFunction.xsl" src="local/allMQFunction.xsl" location="local" hash="C1aNV0tqqRGVNqwDkhmwUvHi17k="/><file name="local:///AdvancedMakeError.xsl" src="local/AdvancedMakeError.xsl" location="local" hash="lektyrlBfvaZZzf3J1nn2L1dFeI="/><file name="local:///sbi/MakeErrorSBIDefault.xsl" src="local/sbi/MakeErrorSBIDefault.xsl" location="local" hash="PmsfHRLD04cnU1b9BVsp7PleQLY="/><file name="local:///sbi/SQL-Injection-Filter.xsl" src="local/sbi/SQL-Injection-Filter.xsl" location="local" hash="jE2qCukOSVfh7cA7vrM0w29xGV8="/><file name="local:///sbi/maps/CopyAll.xsl" src="local/sbi/maps/CopyAll.xsl" location="local" hash="Wj5RLP1HeHQPOsDipliRFiC+gqg="/><file name="local:///sbi/maps/CopyAll.Err.xsl" src="local/sbi/maps/CopyAll.Err.xsl" location="local" hash="EswW0wdOGkfBf1C1HPhxcx/SSfc="/><file name="local:///sbi/SQL-Injection-Patterns.xml" src="local/sbi/SQL-Injection-Patterns.xml" location="local" hash="m5LtWANn/vqMqZhsGxr8b9l4h+Q="/><file name="local:///sbi/xsd/mcp.mdo.xsd" src="local/sbi/xsd/mcp.mdo.xsd" location="local" hash="Gf6304LO/3OFWyIftKf0sWakj4M="/><file name="local:///sbi/xsd/mdo/commercialoffer/commercialoffer.xsd" src="local/sbi/xsd/mdo/commercialoffer/commercialoffer.xsd" location="local" hash="qdGEctyxdRVAj4jL1G6KGCDYj70="/><file name="local:///sbi/xsd/mdo/cards/cardAccountsAggregates.xsd" src="local/sbi/xsd/mdo/cards/cardAccountsAggregates.xsd" location="local" hash="4T1wWg6TJnuN3RQqpU2UVG5VLO4="/><file name="local:///sbi/xsd/mdo/cards/simpleTypes/cardAccountsAggregatesSimpleType.xsd" src="local/sbi/xsd/mdo/cards/simpleTypes/cardAccountsAggregatesSimpleType.xsd" location="local" hash="S4PqK9EuQYJcylWYCPbSJMskIV0="/><file name="local:///sbi/xsd/mdo/bank/bankAggregates.xsd" src="local/sbi/xsd/mdo/bank/bankAggregates.xsd" location="local" hash="59a0N5fynw5+HtCtnFwYJXTcLag="/><file name="local:///sbi/xsd/mdo/bank/bank.xsd" src="local/sbi/xsd/mdo/bank/bank.xsd" location="local" hash="LiL2agJo8iipiD9ydI3lw7rt63c="/><file name="local:///sbi/xsd/mdo/bank/simpleTypes/bankAggregatesSimpleType.xsd" src="local/sbi/xsd/mdo/bank/simpleTypes/bankAggregatesSimpleType.xsd" location="local" hash="V0JTxVTwnwOY9lmkDCw3rmy46SA="/><file name="local:///sbi/xsd/mdo/client/client.xsd.bak" src="local/sbi/xsd/mdo/client/client.xsd.bak" location="local" hash="X0PmsS25xDrbz6UjY5nL0KjAXyA="/><file name="local:///sbi/xsd/mdo/client/client.xsd" src="local/sbi/xsd/mdo/client/client.xsd" location="local" hash="KoaQePEQE1AxRb7yNIclTPpJULI="/><file name="local:///sbi/xsd/mdo/device/device.xsd" src="local/sbi/xsd/mdo/device/device.xsd" location="local" hash="w5Oc7R11brZT6RclfvrrprBGDj8="/><file name="local:///sbi/xsd/mdo/transaction/transaction.xsd" src="local/sbi/xsd/mdo/transaction/transaction.xsd" location="local" hash="458DuzW2KuwS52WV/MJypEicyeI="/><file name="local:///sbi/xsd/mdo/transaction/transactionAggregates.xsd" src="local/sbi/xsd/mdo/transaction/transactionAggregates.xsd" location="local" hash="KO8QEeFSNeVvC3Ah07r8A+HOuq4="/><file name="local:///sbi/xsd/mdo/transaction/simpleTypes/transactionAggregatesSimpleType.xsd" src="local/sbi/xsd/mdo/transaction/simpleTypes/transactionAggregatesSimpleType.xsd" location="local" hash="c5Yk+F5YhN1gBgQBbmtzMRzAtd4="/><file name="local:///sbi/xsd/mdo/channel/channel.xsd" src="local/sbi/xsd/mdo/channel/channel.xsd" location="local" hash="Qroi6AGp+HoMJ0PV4QpK3/UnIFs="/><file name="local:///sbi/xsd/mdo/mobile/mobileAggregates.xsd" src="local/sbi/xsd/mdo/mobile/mobileAggregates.xsd" location="local" hash="jdcKZaYgVRggQ/4IrBB8h5GXBoA="/><file name="local:///sbi/xsd/mdo/mobile/simpleTypes/mobileAggregatesSimpleType.xsd" src="local/sbi/xsd/mdo/mobile/simpleTypes/mobileAggregatesSimpleType.xsd" location="local" hash="OTEooDg6AtCTdxwRkFd95BeB9HA="/><file name="local:///sbi/xsd/mdo/header_type/headerType.xsd" src="local/sbi/xsd/mdo/header_type/headerType.xsd" location="local" hash="Kz5hHzdkGBuaGNvw2UHFZNVsMMw="/><file name="local:///sbi/xsd/mdo/common/commonRqrs.xsd" src="local/sbi/xsd/mdo/common/commonRqrs.xsd" location="local" hash="Tq8GgMKHSYOjxzMJl1B/2TL2n2k="/><file name="local:///sbi/xsd/mdo/common/simpleTypes.xsd" src="local/sbi/xsd/mdo/common/simpleTypes.xsd" location="local" hash="3QKmV1Fh7enrctsugCzi+QT2fhA="/><file name="local:///sbi/xsd/mdo/payment/payment.xsd" src="local/sbi/xsd/mdo/payment/payment.xsd" location="local" hash="s8D85VnhiGlHDSkpYdqvkVQa4ws="/><file name="local:///sbi/xsd/mdo/securitymethod/securitymethod.xsd" src="local/sbi/xsd/mdo/securitymethod/securitymethod.xsd" location="local" hash="+OPkn3YzDTYVg6vws3NYUuW1yuc="/><file name="local:///sbi/xsd/mdo/currency/currency.xsd" src="local/sbi/xsd/mdo/currency/currency.xsd" location="local" hash="QWqUgT/anAhi7uFgvt4iThUSk2E="/><file name="local:///sbi/xsd/mdo/notification/notification.xsd" src="local/sbi/xsd/mdo/notification/notification.xsd" location="local" hash="wM+7gLpVCZ4USoV/OP2aMLEH8gg="/><file name="local:///sbi/xsd/mdo/notification/notification.xsd.bak" src="local/sbi/xsd/mdo/notification/notification.xsd.bak" location="local" hash="qmm/WDfQ33STwsjGX/7DQIa+l1M="/><file name="local:///sbi/xsd/mdo/base_type/baseType.xsd" src="local/sbi/xsd/mdo/base_type/baseType.xsd" location="local" hash="HfkugleZ1emtbT+4O+CLxLeR92U="/><file name="local:///sbi/xsd/mdo/rqrs/rqrsAggregates.xsd" src="local/sbi/xsd/mdo/rqrs/rqrsAggregates.xsd" location="local" hash="jH+TMBIHhGyG4xRY7w24qG51zR0="/><file name="local:///sbi/xsd/mdo/rqrs/simpleTypes/rqrsAggregatesSimpleType.xsd" src="local/sbi/xsd/mdo/rqrs/simpleTypes/rqrsAggregatesSimpleType.xsd" location="local" hash="5q5+5yTq+HaAt1IrS3C5EXX0CMs="/><file name="local:///sbi/xsd/mdo/product/product.xsd" src="local/sbi/xsd/mdo/product/product.xsd" location="local" hash="r2i39XI4hMh4WASA0T7+ybL8rl0="/><file name="local:///sbi/xsd/MakeErrorSBIDefault.xsl" src="local/sbi/xsd/MakeErrorSBIDefault.xsl" location="local" hash="fdNnVcspfCWcAtukeklIaZfZNdE="/><file name="local:///sbi/xsd/IPC.xsd" src="local/sbi/xsd/IPC.xsd" location="local" hash="o/msMSojF50j5QOOEvIjcw6cmMo="/><file name="local:///sbi/xsd/esb.mdo.xsd" src="local/sbi/xsd/esb.mdo.xsd" location="local" hash="FGfPYXR5R+aDyaKzpmP5BGUXc4Q="/><file name="local:///sbi/xsd/AllSchemes.xsd" src="local/sbi/xsd/AllSchemes.xsd" location="local" hash="JHhDqazYWhhEWSPLu1qqfLzFemc="/><file name="local:///changeXMIT.xsl" src="local/changeXMIT.xsl" location="local" hash="EGV3ESpM7xukwFkBEWcxrjp0F6Y="/><file name="local:///TransformMessage.xsl" src="local/TransformMessage.xsl" location="local" hash="JRM+LA5Tc0buLsDSWHmdQjwzPi0="/><file name="local:///ESB.EXT.LOG.xsl" src="local/ESB.EXT.LOG.xsl" location="local" hash="ueVUPPbhK/Hhytho133oWy2kBEA="/><file name="config:///ESBGW.SBI.cfg" src="config/ESBGW.SBI.cfg" location="config" hash="7x091UbYMu7sglj6R7vwLi/RWSE="/><file name="webgui:///clixform.xsl" src="dp-aux/clixform.xsl" location="dp-aux" internal="true" hash="zaQlHmJAH6VxJxaYhNrLabmjVYg="/><file name="webgui:///SchemaUtil.xsl" src="dp-aux/SchemaUtil.xsl" location="dp-aux" internal="true" hash="6Z2yckvZgNJawVdGjTxnSyaR/K4="/><file name="webgui:///management.xsl" src="dp-aux/management.xsl" location="dp-aux" internal="true" hash="EOeJnfXfGxgKVTgNTGthBkYOdf4="/><file name="webgui:///map-dmz.xsl" src="dp-aux/map-dmz.xsl" location="dp-aux" internal="true" hash="n00B2bmGoH6OdSOW1QRz/SNVbYc="/><file name="webgui:///drMgmt.xml" src="dp-aux/drMgmt.xml" location="dp-aux" internal="true" hash="KCJo5pCVNKDPDjwk1w7soG11dMQ="/><file name="webgui:///basetypes.xml" src="dp-aux/basetypes.xml" location="dp-aux" internal="true" hash="pwOz4NntLrPtIuyC4CSPxGnlghM="/></files></datapower-configuration>