<datapower-configuration version="3"><export-details><description>Exported Configuration</description><user>chertkovpv</user><domain>ESBGW.CF</domain><comment/><product-id>5725</product-id><product>XI50</product><display-product>XI52</display-product><model>DataPower XI50</model><display-model>DataPower XI52</display-model><device-name>default</device-name><serial-number>0000000</serial-number><firmware-version>XI50.7.0.0.0</firmware-version><display-firmware-version>XI52.7.0.0.0</display-firmware-version><firmware-build>247062</firmware-build><firmware-timestamp>2014/06/06 17:28:25</firmware-timestamp><current-date>2015-11-17</current-date><current-time>23:33:09 MSK</current-time><reset-date>2015-10-06</reset-date><reset-time>09:19:53 MSD</reset-time><login-message/><custom-ui-file/></export-details><interface-data><interface name="eth0" type="Ethernet" vers="ipv4" ip-addr="10.116.6.244"/><interface name="eth0" type="Ethernet" vers="ipv6" ip-addr="fe80::250:56ff:fe85:15fa"/></interface-data><configuration domain="ESBGW.CF"><URLMap name="default-attempt-stream-all" intrinsic="true" xmlns:env="http://www.w3.org/2003/05/soap-envelope" xmlns:dp="http://www.datapower.com/schemas/management">
<mAdminState>enabled</mAdminState>
<URLMapRule>
<Pattern>*</Pattern></URLMapRule></URLMap><CompileOptionsPolicy name="default-attempt-stream" intrinsic="true" xmlns:env="http://www.w3.org/2003/05/soap-envelope" xmlns:dp="http://www.datapower.com/schemas/management">
<mAdminState>enabled</mAdminState>
<XSLTVersion>XSLT10</XSLTVersion>
<Strict>off</Strict>
<TryStream class="URLMap">default-attempt-stream-all</TryStream>
<StackSize>524288</StackSize>
<WSIValidation>ignore</WSIValidation>
<WSDLValidateBody>strict</WSDLValidateBody>
<WSDLValidateHeaders>lax</WSDLValidateHeaders>
<WSDLValidateFaults>strict</WSDLValidateFaults>
<WSDLWrappedFaults>off</WSDLWrappedFaults>
<WSDLStrictSOAPVersion>off</WSDLStrictSOAPVersion>
<XACMLDebug>off</XACMLDebug></CompileOptionsPolicy><HTTPUserAgent name="default" intrinsic="true" xmlns:env="http://www.w3.org/2003/05/soap-envelope" xmlns:dp="http://www.datapower.com/schemas/management">
<mAdminState>enabled</mAdminState>
<UserSummary>Default User Agent</UserSummary>
<MaxRedirects>8</MaxRedirects>
<Timeout>300</Timeout></HTTPUserAgent><XMLManager name="ESBGW.CF.XMLM" xmlns:env="http://www.w3.org/2003/05/soap-envelope" xmlns:dp="http://www.datapower.com/schemas/management">
<mAdminState>enabled</mAdminState>
<CacheSize>256</CacheSize>
<SHA1Caching>on</SHA1Caching>
<StaticDocumentCalls>on</StaticDocumentCalls>
<SearchResults>on</SearchResults>
<SupportTxWarn>off</SupportTxWarn>
<Memoization>on</Memoization>
<ParserLimitsBytesScanned>16777216</ParserLimitsBytesScanned>
<ParserLimitsElementDepth>512</ParserLimitsElementDepth>
<ParserLimitsAttributeCount>128</ParserLimitsAttributeCount>
<ParserLimitsMaxNodeSize>33554432</ParserLimitsMaxNodeSize>
<ParserLimitsForbidExternalReferences>on</ParserLimitsForbidExternalReferences>
<ParserLimitsExternalReferences>forbid</ParserLimitsExternalReferences>
<ParserLimitsMaxPrefixes>0</ParserLimitsMaxPrefixes>
<ParserLimitsMaxNamespaces>0</ParserLimitsMaxNamespaces>
<ParserLimitsMaxLocalNames>0</ParserLimitsMaxLocalNames>
<DocCacheMaxDocs>5000</DocCacheMaxDocs>
<DocCacheSize>0</DocCacheSize>
<UserAgent class="HTTPUserAgent">default</UserAgent></XMLManager><MQQM name="IRUS.SBI.OUT.GW1" xmlns:env="http://www.w3.org/2003/05/soap-envelope" xmlns:dp="http://www.datapower.com/schemas/management">
<mAdminState>enabled</mAdminState>
<HostName>10.68.198.42(1422)</HostName>
<QMname>IRUS.SBI.OUT.GW1</QMname>
<CCSID>1208</CCSID>
<ChannelName>SBI.GW.SVRCONN</ChannelName>
<Heartbeat>300</Heartbeat>
<UserName>esbgwusr</UserName>
<MaximumMessageSize>16777216</MaximumMessageSize>
<UnitsOfWork/>
<AutomaticBackout>off</AutomaticBackout>
<TotalConnectionLimit>250</TotalConnectionLimit>
<InitialConnections>1</InitialConnections>
<SharingConversations>0</SharingConversations>
<ShareSingleConversation>off</ShareSingleConversation>
<PermitInsecureServers>off</PermitInsecureServers>
<SSLcipher>none</SSLcipher>
<AutoRecovery>off</AutoRecovery>
<ConvertInput>on</ConvertInput>
<AutoRetry>on</AutoRetry>
<RetryInterval>1</RetryInterval>
<RetryAttempts>0</RetryAttempts>
<LongRetryInterval>1800</LongRetryInterval>
<ReportingInterval>1</ReportingInterval>
<AlternateUser>on</AlternateUser>
<XMLManager class="XMLManager">ESBGW.CF.XMLM</XMLManager></MQQM><MQQMGroup name="OUT.MQGR" xmlns:env="http://www.w3.org/2003/05/soap-envelope" xmlns:dp="http://www.datapower.com/schemas/management">
<mAdminState>enabled</mAdminState>
<PrimaryQueueManager class="MQQM">IRUS.SBI.OUT.GW1</PrimaryQueueManager></MQQMGroup><MQSourceProtocolHandler name="FSH.MQ.FROM.CB" xmlns:env="http://www.w3.org/2003/05/soap-envelope" xmlns:dp="http://www.datapower.com/schemas/management">
<mAdminState>enabled</mAdminState>
<QueueManager class="MQQMGroup">OUT.MQGR</QueueManager>
<GetQueue>SBI.CF.TO.DP</GetQueue>
<CodePage>1208</CodePage>
<GetMessageOptions>4097</GetMessageOptions>
<ParseProperties>on</ParseProperties>
<AsyncPut>off</AsyncPut>
<ExcludeHeaders>
<MQCIH>off</MQCIH>
<MQDLH>off</MQDLH>
<MQIIH>off</MQIIH>
<MQRFH>off</MQRFH>
<MQRFH2>on</MQRFH2>
<MQWIH>off</MQWIH></ExcludeHeaders>
<ConcurrentConnections>1</ConcurrentConnections>
<PollingInterval>30</PollingInterval>
<BatchSize>0</BatchSize>
<ContentTypeHeader>None</ContentTypeHeader>
<RetrieveBackoutSettings>off</RetrieveBackoutSettings>
<UseQMNameInURL>off</UseQMNameInURL></MQSourceProtocolHandler><MQQM name="IRUS.SBI.GW1" xmlns:env="http://www.w3.org/2003/05/soap-envelope" xmlns:dp="http://www.datapower.com/schemas/management">
<mAdminState>enabled</mAdminState>
<HostName>10.68.198.42(1421)</HostName>
<QMname>IRUS.SBI.GW1</QMname>
<CCSID>1208</CCSID>
<ChannelName>ESBGW.SVRCONN</ChannelName>
<Heartbeat>300</Heartbeat>
<UserName>esbgwusr</UserName>
<MaximumMessageSize>16777216</MaximumMessageSize>
<UnitsOfWork/>
<AutomaticBackout>off</AutomaticBackout>
<TotalConnectionLimit>250</TotalConnectionLimit>
<InitialConnections>1</InitialConnections>
<SharingConversations>0</SharingConversations>
<ShareSingleConversation>off</ShareSingleConversation>
<PermitInsecureServers>off</PermitInsecureServers>
<SSLcipher>none</SSLcipher>
<AutoRecovery>off</AutoRecovery>
<ConvertInput>on</ConvertInput>
<AutoRetry>on</AutoRetry>
<RetryInterval>1</RetryInterval>
<RetryAttempts>0</RetryAttempts>
<LongRetryInterval>1800</LongRetryInterval>
<ReportingInterval>1</ReportingInterval>
<AlternateUser>on</AlternateUser>
<XMLManager class="XMLManager">ESBGW.CF.XMLM</XMLManager></MQQM><MQQMGroup name="IN.MQGR" xmlns:env="http://www.w3.org/2003/05/soap-envelope" xmlns:dp="http://www.datapower.com/schemas/management">
<mAdminState>enabled</mAdminState>
<PrimaryQueueManager class="MQQM">IRUS.SBI.GW1</PrimaryQueueManager></MQQMGroup><MQSourceProtocolHandler name="FSH.MQ.FROM.ESB" xmlns:env="http://www.w3.org/2003/05/soap-envelope" xmlns:dp="http://www.datapower.com/schemas/management">
<mAdminState>enabled</mAdminState>
<QueueManager class="MQQMGroup">IN.MQGR</QueueManager>
<GetQueue>SBI.CF.TO.DP</GetQueue>
<CodePage>1208</CodePage>
<GetMessageOptions>4097</GetMessageOptions>
<ParseProperties>on</ParseProperties>
<AsyncPut>off</AsyncPut>
<ExcludeHeaders>
<MQCIH>off</MQCIH>
<MQDLH>off</MQDLH>
<MQIIH>off</MQIIH>
<MQRFH>on</MQRFH>
<MQRFH2>on</MQRFH2>
<MQWIH>off</MQWIH></ExcludeHeaders>
<ConcurrentConnections>1</ConcurrentConnections>
<PollingInterval>30</PollingInterval>
<BatchSize>0</BatchSize>
<ContentTypeHeader>None</ContentTypeHeader>
<RetrieveBackoutSettings>off</RetrieveBackoutSettings>
<UseQMNameInURL>off</UseQMNameInURL></MQSourceProtocolHandler><Matching name="MR.ALL" xmlns:env="http://www.w3.org/2003/05/soap-envelope" xmlns:dp="http://www.datapower.com/schemas/management">
<mAdminState>enabled</mAdminState>
<MatchRules>
<Type>url</Type>
<HttpTag/>
<HttpValue/>
<Url>*</Url>
<ErrorCode/>
<XPATHExpression/>
<Method>default</Method>
<CustomMethod/></MatchRules>
<MatchWithPCRE>off</MatchWithPCRE>
<CombineWithOr>off</CombineWithOr></Matching><StylePolicyAction name="ESBGW.CF.MPG_policy_request_rule_xformbin_0" xmlns:env="http://www.w3.org/2003/05/soap-envelope" xmlns:dp="http://www.datapower.com/schemas/management">
<mAdminState>enabled</mAdminState>
<Type>xformbin</Type>
<Input>INPUT</Input>
<Transform>local:///processXMIT.xslt</Transform>
<ActionDebug persisted="false">off</ActionDebug>
<TxMode>dpa</TxMode>
<Output>xmitStep</Output>
<NamedInOutLocationType>default</NamedInOutLocationType>
<OutputType>default</OutputType>
<Transactional>off</Transactional>
<SOAPValidation>body</SOAPValidation>
<SQLSourceType>static</SQLSourceType>
<Asynchronous>off</Asynchronous>
<ResultsMode>first-available</ResultsMode>
<RetryCount>0</RetryCount>
<RetryInterval>1000</RetryInterval>
<MultipleOutputs>off</MultipleOutputs>
<IteratorType>XPATH</IteratorType>
<Timeout>0</Timeout>
<MethodRewriteType>GET</MethodRewriteType>
<MethodType>POST</MethodType>
<MethodType2>POST</MethodType2></StylePolicyAction><StylePolicyAction name="ESBGW.CF.MPG_policy_request_rule_setvar_0" xmlns:env="http://www.w3.org/2003/05/soap-envelope" xmlns:dp="http://www.datapower.com/schemas/management">
<mAdminState>enabled</mAdminState>
<Type>setvar</Type>
<Input>xmitStep</Input>
<ActionDebug persisted="false">off</ActionDebug>
<NamedInOutLocationType>default</NamedInOutLocationType>
<Variable>var://context/RQ/sourceSystem</Variable>
<Value>cf</Value>
<Transactional>off</Transactional>
<SOAPValidation>body</SOAPValidation>
<SQLSourceType>static</SQLSourceType>
<Asynchronous>off</Asynchronous>
<ResultsMode>first-available</ResultsMode>
<RetryCount>0</RetryCount>
<RetryInterval>1000</RetryInterval>
<MultipleOutputs>off</MultipleOutputs>
<IteratorType>XPATH</IteratorType>
<Timeout>0</Timeout>
<MethodRewriteType>GET</MethodRewriteType>
<MethodType>POST</MethodType>
<MethodType2>POST</MethodType2></StylePolicyAction><StylePolicyAction name="ESBGW.CF.MPG_policy_request_rule_xform_1" xmlns:env="http://www.w3.org/2003/05/soap-envelope" xmlns:dp="http://www.datapower.com/schemas/management">
<mAdminState>enabled</mAdminState>
<Type>xform</Type>
<Input>xmitStep</Input>
<Transform>local:///ParamsToContext.xsl</Transform>
<ActionDebug persisted="false">off</ActionDebug>
<Output>NULL</Output>
<NamedInOutLocationType>default</NamedInOutLocationType>
<StylesheetParameters>
<ParameterName>{http://www.datapower.com/param/config}gatewayType</ParameterName>
<ParameterValue>cf</ParameterValue></StylesheetParameters>
<StylesheetParameters>
<ParameterName>{http://www.datapower.com/param/config}versioning</ParameterName>
<ParameterValue>false</ParameterValue></StylesheetParameters>
<OutputType>default</OutputType>
<Transactional>off</Transactional>
<SOAPValidation>body</SOAPValidation>
<SQLSourceType>static</SQLSourceType>
<Asynchronous>off</Asynchronous>
<ResultsMode>first-available</ResultsMode>
<RetryCount>0</RetryCount>
<RetryInterval>1000</RetryInterval>
<MultipleOutputs>off</MultipleOutputs>
<IteratorType>XPATH</IteratorType>
<Timeout>0</Timeout>
<MethodRewriteType>GET</MethodRewriteType>
<MethodType>POST</MethodType>
<MethodType2>POST</MethodType2></StylePolicyAction><StylePolicyAction name="ESBGW.CF.MPG_policy_request_rule_xform_3" xmlns:env="http://www.w3.org/2003/05/soap-envelope" xmlns:dp="http://www.datapower.com/schemas/management">
<mAdminState>enabled</mAdminState>
<Type>xform</Type>
<Input>xmitStep</Input>
<Transform>local:///Route.xsl</Transform>
<ActionDebug persisted="false">off</ActionDebug>
<Output>NULL</Output>
<NamedInOutLocationType>default</NamedInOutLocationType>
<OutputType>default</OutputType>
<Transactional>off</Transactional>
<SOAPValidation>body</SOAPValidation>
<SQLSourceType>static</SQLSourceType>
<Asynchronous>off</Asynchronous>
<ResultsMode>first-available</ResultsMode>
<RetryCount>0</RetryCount>
<RetryInterval>1000</RetryInterval>
<MultipleOutputs>off</MultipleOutputs>
<IteratorType>XPATH</IteratorType>
<Timeout>0</Timeout>
<MethodRewriteType>GET</MethodRewriteType>
<MethodType>POST</MethodType>
<MethodType2>POST</MethodType2></StylePolicyAction><StylePolicyAction name="ESBGW.CF.MPG_policy_request_rule_validate_1" xmlns:env="http://www.w3.org/2003/05/soap-envelope" xmlns:dp="http://www.datapower.com/schemas/management">
<mAdminState>enabled</mAdminState>
<Type>validate</Type>
<Input>xmitStep</Input>
<ActionDebug persisted="false">off</ActionDebug>
<Output>NULL</Output>
<NamedInOutLocationType>default</NamedInOutLocationType>
<SchemaURL>local:///cf/xsd/AllSchemes.xsd</SchemaURL>
<Transactional>off</Transactional>
<SOAPValidation>body</SOAPValidation>
<SQLSourceType>static</SQLSourceType>
<Asynchronous>off</Asynchronous>
<ResultsMode>first-available</ResultsMode>
<RetryCount>0</RetryCount>
<RetryInterval>1000</RetryInterval>
<MultipleOutputs>off</MultipleOutputs>
<IteratorType>XPATH</IteratorType>
<Timeout>0</Timeout>
<MethodRewriteType>GET</MethodRewriteType>
<MethodType>POST</MethodType>
<MethodType2>POST</MethodType2></StylePolicyAction><StylePolicyAction name="ESBGW.CF.MPG_policy_request_rule_filter_0" xmlns:env="http://www.w3.org/2003/05/soap-envelope" xmlns:dp="http://www.datapower.com/schemas/management">
<mAdminState>enabled</mAdminState>
<Type>filter</Type>
<Input>xmitStep</Input>
<Transform>local:///cf/SQL-Injection-Filter-CF.xsl</Transform>
<ActionDebug persisted="false">off</ActionDebug>
<Output>NULL</Output>
<NamedInOutLocationType>default</NamedInOutLocationType>
<Transactional>off</Transactional>
<SOAPValidation>body</SOAPValidation>
<SQLSourceType>static</SQLSourceType>
<Asynchronous>off</Asynchronous>
<ResultsMode>first-available</ResultsMode>
<RetryCount>0</RetryCount>
<RetryInterval>1000</RetryInterval>
<MultipleOutputs>off</MultipleOutputs>
<IteratorType>XPATH</IteratorType>
<Timeout>0</Timeout>
<MethodRewriteType>GET</MethodRewriteType>
<MethodType>POST</MethodType>
<MethodType2>POST</MethodType2></StylePolicyAction><StylePolicyAction name="ESBGW.CF.MPG_policy_request_rule_xformbin_1" xmlns:env="http://www.w3.org/2003/05/soap-envelope" xmlns:dp="http://www.datapower.com/schemas/management">
<mAdminState>enabled</mAdminState>
<Type>xformbin</Type>
<Input>INPUT</Input>
<Transform>local:///TransformMessage.xsl</Transform>
<ActionDebug persisted="false">off</ActionDebug>
<TxMode>dpa</TxMode>
<Output>TransformedRequest</Output>
<NamedInOutLocationType>default</NamedInOutLocationType>
<OutputType>default</OutputType>
<Transactional>off</Transactional>
<SOAPValidation>body</SOAPValidation>
<SQLSourceType>static</SQLSourceType>
<Asynchronous>off</Asynchronous>
<ResultsMode>first-available</ResultsMode>
<RetryCount>0</RetryCount>
<RetryInterval>1000</RetryInterval>
<MultipleOutputs>off</MultipleOutputs>
<IteratorType>XPATH</IteratorType>
<Timeout>0</Timeout>
<MethodRewriteType>GET</MethodRewriteType>
<MethodType>POST</MethodType>
<MethodType2>POST</MethodType2></StylePolicyAction><StylePolicyAction name="ESBGW.CF.MPG_policy_request_rule_xform_7" xmlns:env="http://www.w3.org/2003/05/soap-envelope" xmlns:dp="http://www.datapower.com/schemas/management">
<mAdminState>enabled</mAdminState>
<Type>xform</Type>
<Input>xmitStep</Input>
<Transform>local:///DeleteXmitHeaders.xsl</Transform>
<ActionDebug persisted="false">off</ActionDebug>
<Output>NULL</Output>
<NamedInOutLocationType>default</NamedInOutLocationType>
<OutputType>default</OutputType>
<Transactional>off</Transactional>
<SOAPValidation>body</SOAPValidation>
<SQLSourceType>static</SQLSourceType>
<Asynchronous>off</Asynchronous>
<ResultsMode>first-available</ResultsMode>
<RetryCount>0</RetryCount>
<RetryInterval>1000</RetryInterval>
<MultipleOutputs>off</MultipleOutputs>
<IteratorType>XPATH</IteratorType>
<Timeout>0</Timeout>
<MethodRewriteType>GET</MethodRewriteType>
<MethodType>POST</MethodType>
<MethodType2>POST</MethodType2></StylePolicyAction><StylePolicyAction name="ESBGW.CF.MPG_policy_request_rule_results_output_0" xmlns:env="http://www.w3.org/2003/05/soap-envelope" xmlns:dp="http://www.datapower.com/schemas/management">
<mAdminState>enabled</mAdminState>
<Type>results</Type>
<Input>TransformedRequest</Input>
<ActionDebug persisted="false">off</ActionDebug>
<NamedInOutLocationType>default</NamedInOutLocationType>
<OutputType>default</OutputType>
<Transactional>off</Transactional>
<SOAPValidation>body</SOAPValidation>
<SQLSourceType>static</SQLSourceType>
<Asynchronous>off</Asynchronous>
<ResultsMode>first-available</ResultsMode>
<RetryCount>0</RetryCount>
<RetryInterval>1000</RetryInterval>
<MultipleOutputs>off</MultipleOutputs>
<IteratorType>XPATH</IteratorType>
<Timeout>0</Timeout>
<MethodRewriteType>GET</MethodRewriteType>
<MethodType>POST</MethodType>
<MethodType2>POST</MethodType2></StylePolicyAction><StylePolicyRule name="ESBGW.CF.MPG_policy_request_rule" xmlns:env="http://www.w3.org/2003/05/soap-envelope" xmlns:dp="http://www.datapower.com/schemas/management">
<mAdminState>enabled</mAdminState>
<Direction>request-rule</Direction>
<InputFormat>none</InputFormat>
<OutputFormat>none</OutputFormat>
<NonXMLProcessing>off</NonXMLProcessing>
<Unprocessed>off</Unprocessed>
<Actions class="StylePolicyAction">ESBGW.CF.MPG_policy_request_rule_xformbin_0</Actions>
<Actions class="StylePolicyAction">ESBGW.CF.MPG_policy_request_rule_setvar_0</Actions>
<Actions class="StylePolicyAction">ESBGW.CF.MPG_policy_request_rule_xform_1</Actions>
<Actions class="StylePolicyAction">ESBGW.CF.MPG_policy_request_rule_xform_3</Actions>
<Actions class="StylePolicyAction">ESBGW.CF.MPG_policy_request_rule_validate_1</Actions>
<Actions class="StylePolicyAction">ESBGW.CF.MPG_policy_request_rule_filter_0</Actions>
<Actions class="StylePolicyAction">ESBGW.CF.MPG_policy_request_rule_xformbin_1</Actions>
<Actions class="StylePolicyAction">ESBGW.CF.MPG_policy_request_rule_xform_7</Actions>
<Actions class="StylePolicyAction">ESBGW.CF.MPG_policy_request_rule_results_output_0</Actions></StylePolicyRule><StylePolicyAction name="ESBGW.CF.MPG_catch_error_rule_xform_11" xmlns:env="http://www.w3.org/2003/05/soap-envelope" xmlns:dp="http://www.datapower.com/schemas/management">
<mAdminState>enabled</mAdminState>
<Type>xform</Type>
<Input>NULL</Input>
<Transform>local:///CheckMQRC.xslt</Transform>
<ActionDebug persisted="false">off</ActionDebug>
<Output>mqrc_out</Output>
<NamedInOutLocationType>default</NamedInOutLocationType>
<OutputType>default</OutputType>
<Transactional>off</Transactional>
<SOAPValidation>body</SOAPValidation>
<SQLSourceType>static</SQLSourceType>
<Asynchronous>off</Asynchronous>
<ResultsMode>first-available</ResultsMode>
<RetryCount>0</RetryCount>
<RetryInterval>1000</RetryInterval>
<MultipleOutputs>off</MultipleOutputs>
<IteratorType>XPATH</IteratorType>
<Timeout>0</Timeout>
<MethodRewriteType>GET</MethodRewriteType>
<MethodType>POST</MethodType>
<MethodType2>POST</MethodType2></StylePolicyAction><StylePolicyAction name="ESBGW.CF.MPG_catch_error_rule_mq_0" xmlns:env="http://www.w3.org/2003/05/soap-envelope" xmlns:dp="http://www.datapower.com/schemas/management">
<mAdminState>enabled</mAdminState>
<Type>xform</Type>
<Input>mqrc_out</Input>
<Transform>store:///mq-header.xsl</Transform>
<ActionDebug persisted="false">off</ActionDebug>
<Output>NULL</Output>
<NamedInOutLocationType>default</NamedInOutLocationType>
<StylesheetParameters>
<ParameterName>{http://www.datapower.com/param/config}mq-processing-type</ParameterName>
<ParameterValue>response</ParameterValue></StylesheetParameters>
<StylesheetParameters>
<ParameterName>{http://www.datapower.com/param/config}mqmd-reply-to-q-type</ParameterName>
<ParameterValue>empty</ParameterValue></StylesheetParameters>
<OutputType>default</OutputType>
<Transactional>off</Transactional>
<SOAPValidation>body</SOAPValidation>
<SQLSourceType>static</SQLSourceType>
<Asynchronous>off</Asynchronous>
<ResultsMode>first-available</ResultsMode>
<RetryCount>0</RetryCount>
<RetryInterval>1000</RetryInterval>
<MultipleOutputs>off</MultipleOutputs>
<IteratorType>XPATH</IteratorType>
<Timeout>0</Timeout>
<MethodRewriteType>GET</MethodRewriteType>
<MethodType>POST</MethodType>
<MethodType2>POST</MethodType2></StylePolicyAction><StylePolicyAction name="ESBGW.CF.MPG_catch_error_rule_xform_13" xmlns:env="http://www.w3.org/2003/05/soap-envelope" xmlns:dp="http://www.datapower.com/schemas/management">
<mAdminState>enabled</mAdminState>
<Type>xform</Type>
<Input>mqrc_out</Input>
<Transform>local:///ESB.LOG.xsl</Transform>
<ActionDebug persisted="false">off</ActionDebug>
<Output>NULL</Output>
<NamedInOutLocationType>default</NamedInOutLocationType>
<StylesheetParameters>
<ParameterName>{http://www.datapower.com/param/config}eventrcv</ParameterName>
<ParameterValue>var://context/log/eventreceiver</ParameterValue></StylesheetParameters>
<StylesheetParameters>
<ParameterName>{http://www.datapower.com/param/config}eventsrc</ParameterName>
<ParameterValue>var://context/log/eventsource</ParameterValue></StylesheetParameters>
<StylesheetParameters>
<ParameterName>{http://www.datapower.com/param/config}operation</ParameterName>
<ParameterValue>var://context/log/operation</ParameterValue></StylesheetParameters>
<OutputType>default</OutputType>
<Transactional>off</Transactional>
<SOAPValidation>body</SOAPValidation>
<SQLSourceType>static</SQLSourceType>
<Asynchronous>off</Asynchronous>
<ResultsMode>first-available</ResultsMode>
<RetryCount>0</RetryCount>
<RetryInterval>1000</RetryInterval>
<MultipleOutputs>off</MultipleOutputs>
<IteratorType>XPATH</IteratorType>
<Timeout>0</Timeout>
<MethodRewriteType>GET</MethodRewriteType>
<MethodType>POST</MethodType>
<MethodType2>POST</MethodType2></StylePolicyAction><StylePolicyAction name="ESBGW.CF.MPG_catch_error_rule_xform_16" xmlns:env="http://www.w3.org/2003/05/soap-envelope" xmlns:dp="http://www.datapower.com/schemas/management">
<mAdminState>enabled</mAdminState>
<Type>xform</Type>
<Input>NULL</Input>
<Transform>local:///ESB.EXT.LOG.xsl</Transform>
<ActionDebug persisted="false">off</ActionDebug>
<Output>NULL</Output>
<NamedInOutLocationType>default</NamedInOutLocationType>
<StylesheetParameters>
<ParameterName>{http://www.datapower.com/param/config}ExtLogOperationStatus</ParameterName>
<ParameterValue>SUCCESS</ParameterValue></StylesheetParameters>
<OutputType>default</OutputType>
<Transactional>off</Transactional>
<SOAPValidation>body</SOAPValidation>
<SQLSourceType>static</SQLSourceType>
<Asynchronous>off</Asynchronous>
<ResultsMode>first-available</ResultsMode>
<RetryCount>0</RetryCount>
<RetryInterval>1000</RetryInterval>
<MultipleOutputs>off</MultipleOutputs>
<IteratorType>XPATH</IteratorType>
<Timeout>0</Timeout>
<MethodRewriteType>GET</MethodRewriteType>
<MethodType>POST</MethodType>
<MethodType2>POST</MethodType2></StylePolicyAction><StylePolicyAction name="ESBGW.CF.MPG_catch_error_rule_results_output_0" xmlns:env="http://www.w3.org/2003/05/soap-envelope" xmlns:dp="http://www.datapower.com/schemas/management">
<mAdminState>enabled</mAdminState>
<Type>results</Type>
<Input>NULL</Input>
<ActionDebug persisted="false">off</ActionDebug>
<NamedInOutLocationType>default</NamedInOutLocationType>
<OutputType>default</OutputType>
<Transactional>off</Transactional>
<SOAPValidation>body</SOAPValidation>
<SQLSourceType>static</SQLSourceType>
<Asynchronous>off</Asynchronous>
<ResultsMode>first-available</ResultsMode>
<RetryCount>0</RetryCount>
<RetryInterval>1000</RetryInterval>
<MultipleOutputs>off</MultipleOutputs>
<IteratorType>XPATH</IteratorType>
<Timeout>0</Timeout>
<MethodRewriteType>GET</MethodRewriteType>
<MethodType>POST</MethodType>
<MethodType2>POST</MethodType2></StylePolicyAction><StylePolicyRule name="ESBGW.CF.MPG_catch_error_rule" xmlns:env="http://www.w3.org/2003/05/soap-envelope" xmlns:dp="http://www.datapower.com/schemas/management">
<mAdminState>enabled</mAdminState>
<Direction>response-rule</Direction>
<InputFormat>none</InputFormat>
<OutputFormat>none</OutputFormat>
<NonXMLProcessing>off</NonXMLProcessing>
<Unprocessed>off</Unprocessed>
<Actions class="StylePolicyAction">ESBGW.CF.MPG_catch_error_rule_xform_11</Actions>
<Actions class="StylePolicyAction">ESBGW.CF.MPG_catch_error_rule_mq_0</Actions>
<Actions class="StylePolicyAction">ESBGW.CF.MPG_catch_error_rule_xform_13</Actions>
<Actions class="StylePolicyAction">ESBGW.CF.MPG_catch_error_rule_xform_16</Actions>
<Actions class="StylePolicyAction">ESBGW.CF.MPG_catch_error_rule_results_output_0</Actions></StylePolicyRule><StylePolicyAction name="ESBGW.CF.MPG_policy_error_rule_xformbin_0" xmlns:env="http://www.w3.org/2003/05/soap-envelope" xmlns:dp="http://www.datapower.com/schemas/management">
<mAdminState>enabled</mAdminState>
<Type>xformbin</Type>
<Input>INPUT</Input>
<Transform>local:///MakeError.xsl</Transform>
<ActionDebug persisted="false">off</ActionDebug>
<TxMode>default</TxMode>
<Output>error_out</Output>
<NamedInOutLocationType>default</NamedInOutLocationType>
<OutputType>default</OutputType>
<Transactional>off</Transactional>
<SOAPValidation>body</SOAPValidation>
<SQLSourceType>static</SQLSourceType>
<Asynchronous>off</Asynchronous>
<ResultsMode>first-available</ResultsMode>
<RetryCount>0</RetryCount>
<RetryInterval>1000</RetryInterval>
<MultipleOutputs>off</MultipleOutputs>
<IteratorType>XPATH</IteratorType>
<Timeout>0</Timeout>
<MethodRewriteType>GET</MethodRewriteType>
<MethodType>POST</MethodType>
<MethodType2>POST</MethodType2></StylePolicyAction><StylePolicyAction name="ESBGW.CF.MPG_policy_error_rule_mq_0" xmlns:env="http://www.w3.org/2003/05/soap-envelope" xmlns:dp="http://www.datapower.com/schemas/management">
<mAdminState>enabled</mAdminState>
<Type>xform</Type>
<Input>error_out</Input>
<Transform>store:///mq-header.xsl</Transform>
<ActionDebug persisted="false">off</ActionDebug>
<Output>NULL</Output>
<NamedInOutLocationType>default</NamedInOutLocationType>
<StylesheetParameters>
<ParameterName>{http://www.datapower.com/param/config}mq-processing-type</ParameterName>
<ParameterValue>response</ParameterValue></StylesheetParameters>
<StylesheetParameters>
<ParameterName>{http://www.datapower.com/param/config}mqmd-reply-to-q-type</ParameterName>
<ParameterValue>empty</ParameterValue></StylesheetParameters>
<OutputType>default</OutputType>
<Transactional>off</Transactional>
<SOAPValidation>body</SOAPValidation>
<SQLSourceType>static</SQLSourceType>
<Asynchronous>off</Asynchronous>
<ResultsMode>first-available</ResultsMode>
<RetryCount>0</RetryCount>
<RetryInterval>1000</RetryInterval>
<MultipleOutputs>off</MultipleOutputs>
<IteratorType>XPATH</IteratorType>
<Timeout>0</Timeout>
<MethodRewriteType>GET</MethodRewriteType>
<MethodType>POST</MethodType>
<MethodType2>POST</MethodType2></StylePolicyAction><StylePolicyAction name="ESBGW.CF.MPG_policy_error_rule_xform_24" xmlns:env="http://www.w3.org/2003/05/soap-envelope" xmlns:dp="http://www.datapower.com/schemas/management">
<mAdminState>enabled</mAdminState>
<Type>xform</Type>
<Input>error_out</Input>
<Transform>local:///ESB.LOG.xsl</Transform>
<ActionDebug persisted="false">off</ActionDebug>
<Output>NULL</Output>
<NamedInOutLocationType>default</NamedInOutLocationType>
<StylesheetParameters>
<ParameterName>{http://www.datapower.com/param/config}eventrcv</ParameterName>
<ParameterValue>var://context/log/eventreceiver</ParameterValue></StylesheetParameters>
<StylesheetParameters>
<ParameterName>{http://www.datapower.com/param/config}eventsrc</ParameterName>
<ParameterValue>var://context/log/eventsource</ParameterValue></StylesheetParameters>
<StylesheetParameters>
<ParameterName>{http://www.datapower.com/param/config}operation</ParameterName>
<ParameterValue>ERROR</ParameterValue></StylesheetParameters>
<OutputType>default</OutputType>
<Transactional>off</Transactional>
<SOAPValidation>body</SOAPValidation>
<SQLSourceType>static</SQLSourceType>
<Asynchronous>off</Asynchronous>
<ResultsMode>first-available</ResultsMode>
<RetryCount>0</RetryCount>
<RetryInterval>1000</RetryInterval>
<MultipleOutputs>off</MultipleOutputs>
<IteratorType>XPATH</IteratorType>
<Timeout>0</Timeout>
<MethodRewriteType>GET</MethodRewriteType>
<MethodType>POST</MethodType>
<MethodType2>POST</MethodType2></StylePolicyAction><StylePolicyAction name="ESBGW.CF.MPG_policy_error_rule_xform_27" xmlns:env="http://www.w3.org/2003/05/soap-envelope" xmlns:dp="http://www.datapower.com/schemas/management">
<mAdminState>enabled</mAdminState>
<Type>xform</Type>
<Input>NULL</Input>
<Transform>local:///ESB.EXT.LOG.xsl</Transform>
<ActionDebug persisted="false">off</ActionDebug>
<Output>NULL</Output>
<NamedInOutLocationType>default</NamedInOutLocationType>
<StylesheetParameters>
<ParameterName>{http://www.datapower.com/param/config}ExtLogOperationStatus</ParameterName>
<ParameterValue>ERROR</ParameterValue></StylesheetParameters>
<OutputType>default</OutputType>
<Transactional>off</Transactional>
<SOAPValidation>body</SOAPValidation>
<SQLSourceType>static</SQLSourceType>
<Asynchronous>off</Asynchronous>
<ResultsMode>first-available</ResultsMode>
<RetryCount>0</RetryCount>
<RetryInterval>1000</RetryInterval>
<MultipleOutputs>off</MultipleOutputs>
<IteratorType>XPATH</IteratorType>
<Timeout>0</Timeout>
<MethodRewriteType>GET</MethodRewriteType>
<MethodType>POST</MethodType>
<MethodType2>POST</MethodType2></StylePolicyAction><StylePolicyAction name="ESBGW.CF.MPG_policy_error_rule_results_output_0" xmlns:env="http://www.w3.org/2003/05/soap-envelope" xmlns:dp="http://www.datapower.com/schemas/management">
<mAdminState>enabled</mAdminState>
<Type>results</Type>
<Input>NULL</Input>
<ActionDebug persisted="false">off</ActionDebug>
<NamedInOutLocationType>default</NamedInOutLocationType>
<OutputType>default</OutputType>
<Transactional>off</Transactional>
<SOAPValidation>body</SOAPValidation>
<SQLSourceType>static</SQLSourceType>
<Asynchronous>off</Asynchronous>
<ResultsMode>first-available</ResultsMode>
<RetryCount>0</RetryCount>
<RetryInterval>1000</RetryInterval>
<MultipleOutputs>off</MultipleOutputs>
<IteratorType>XPATH</IteratorType>
<Timeout>0</Timeout>
<MethodRewriteType>GET</MethodRewriteType>
<MethodType>POST</MethodType>
<MethodType2>POST</MethodType2></StylePolicyAction><StylePolicyRule name="ESBGW.CF.MPG_policy_error_rule" xmlns:env="http://www.w3.org/2003/05/soap-envelope" xmlns:dp="http://www.datapower.com/schemas/management">
<mAdminState>enabled</mAdminState>
<Direction>error-rule</Direction>
<InputFormat>none</InputFormat>
<OutputFormat>none</OutputFormat>
<NonXMLProcessing>off</NonXMLProcessing>
<Unprocessed>off</Unprocessed>
<Actions class="StylePolicyAction">ESBGW.CF.MPG_policy_error_rule_xformbin_0</Actions>
<Actions class="StylePolicyAction">ESBGW.CF.MPG_policy_error_rule_mq_0</Actions>
<Actions class="StylePolicyAction">ESBGW.CF.MPG_policy_error_rule_xform_24</Actions>
<Actions class="StylePolicyAction">ESBGW.CF.MPG_policy_error_rule_xform_27</Actions>
<Actions class="StylePolicyAction">ESBGW.CF.MPG_policy_error_rule_results_output_0</Actions></StylePolicyRule><StylePolicy name="ESBGW.CF.POLICY" xmlns:env="http://www.w3.org/2003/05/soap-envelope" xmlns:dp="http://www.datapower.com/schemas/management">
<mAdminState>enabled</mAdminState>
<DefStylesheetForSoap>store:///filter-reject-all.xsl</DefStylesheetForSoap>
<DefStylesheetForXsl>store:///identity.xsl</DefStylesheetForXsl>
<DefXQueryForJSON>store:///reject-all-json.xq</DefXQueryForJSON>
<PolicyMaps>
<Match class="Matching">MR.ALL</Match>
<Rule class="StylePolicyRule">ESBGW.CF.MPG_policy_request_rule</Rule></PolicyMaps>
<PolicyMaps>
<Match class="Matching">MR.ALL</Match>
<Rule class="StylePolicyRule">ESBGW.CF.MPG_catch_error_rule</Rule></PolicyMaps>
<PolicyMaps>
<Match class="Matching">MR.ALL</Match>
<Rule class="StylePolicyRule">ESBGW.CF.MPG_policy_error_rule</Rule></PolicyMaps></StylePolicy><PolicyAttachments name="ESBGW.CF.MPG" xmlns:env="http://www.w3.org/2003/05/soap-envelope" xmlns:dp="http://www.datapower.com/schemas/management">
<mAdminState>enabled</mAdminState>
<EnforcementMode>enforce</EnforcementMode>
<PolicyReferences>on</PolicyReferences>
<SLAEnforcementMode>allow-if-no-sla</SLAEnforcementMode></PolicyAttachments><MultiProtocolGateway name="ESBGW.CF.MPG" xmlns:env="http://www.w3.org/2003/05/soap-envelope" xmlns:dp="http://www.datapower.com/schemas/management">
<mAdminState>enabled</mAdminState>
<Priority>normal</Priority>
<FrontProtocol class="MQSourceProtocolHandler">FSH.MQ.FROM.CB</FrontProtocol>
<FrontProtocol class="MQSourceProtocolHandler">FSH.MQ.FROM.ESB</FrontProtocol>
<XMLManager class="XMLManager">ESBGW.CF.XMLM</XMLManager>
<DefaultParamNamespace>http://www.datapower.com/param/config</DefaultParamNamespace>
<QueryParamNamespace>http://www.datapower.com/param/query</QueryParamNamespace>
<PropagateURI>on</PropagateURI>
<MonitorProcessingPolicy>terminate-at-first-throttle</MonitorProcessingPolicy>
<RequestAttachments>strip</RequestAttachments>
<ResponseAttachments>strip</ResponseAttachments>
<RequestAttachmentsFlowControl>off</RequestAttachmentsFlowControl>
<ResponseAttachmentsFlowControl>off</ResponseAttachmentsFlowControl>
<RootPartNotFirstAction>process-in-order</RootPartNotFirstAction>
<FrontAttachmentFormat>dynamic</FrontAttachmentFormat>
<BackAttachmentFormat>dynamic</BackAttachmentFormat>
<MIMEFrontHeaders>on</MIMEFrontHeaders>
<MIMEBackHeaders>on</MIMEBackHeaders>
<StreamOutputToBack>buffer-until-verification</StreamOutputToBack>
<StreamOutputToFront>buffer-until-verification</StreamOutputToFront>
<MaxMessageSize>16384</MaxMessageSize>
<GatewayParserLimits>off</GatewayParserLimits>
<ParserLimitsElementDepth>512</ParserLimitsElementDepth>
<ParserLimitsAttributeCount>128</ParserLimitsAttributeCount>
<ParserLimitsMaxNodeSize>33554432</ParserLimitsMaxNodeSize>
<ParserLimitsForbidExternalReferences>on</ParserLimitsForbidExternalReferences>
<ParserLimitsExternalReferences>forbid</ParserLimitsExternalReferences>
<ParserLimitsMaxPrefixes>0</ParserLimitsMaxPrefixes>
<ParserLimitsMaxNamespaces>0</ParserLimitsMaxNamespaces>
<ParserLimitsMaxLocalNames>0</ParserLimitsMaxLocalNames>
<ParserLimitsAttachmentByteCount>2000000000</ParserLimitsAttachmentByteCount>
<ParserLimitsAttachmentPackageByteCount>0</ParserLimitsAttachmentPackageByteCount>
<DebugMode persisted="false">on</DebugMode>
<DebuggerType>internal</DebuggerType>
<DebugHistory>25</DebugHistory>
<FlowControl>off</FlowControl>
<SOAPSchemaURL>store:///schemas/soap-envelope.xsd</SOAPSchemaURL>
<FrontTimeout>120</FrontTimeout>
<BackTimeout>120</BackTimeout>
<FrontPersistentTimeout>180</FrontPersistentTimeout>
<BackPersistentTimeout>180</BackPersistentTimeout>
<IncludeResponseTypeEncoding>off</IncludeResponseTypeEncoding>
<BackHTTPVersion>HTTP/1.1</BackHTTPVersion>
<PersistentConnections>on</PersistentConnections>
<LoopDetection>off</LoopDetection>
<DoHostRewriting>on</DoHostRewriting>
<DoChunkedUpload>off</DoChunkedUpload>
<ProcessHTTPErrors>on</ProcessHTTPErrors>
<HTTPClientIPLabel>X-Client-IP</HTTPClientIPLabel>
<HTTPLogCorIDLabel>X-Global-Transaction-ID</HTTPLogCorIDLabel>
<InOrderMode>
<Request>off</Request>
<Backend>off</Backend>
<Response>off</Response></InOrderMode>
<WSAMode>sync2sync</WSAMode>
<WSARequireAAA>on</WSARequireAAA>
<WSAStrip>on</WSAStrip>
<WSADefaultReplyTo>http://schemas.xmlsoap.org/ws/2004/08/addressing/role/anonymous</WSADefaultReplyTo>
<WSADefaultFaultTo>http://schemas.xmlsoap.org/ws/2004/08/addressing/role/anonymous</WSADefaultFaultTo>
<WSAForce>off</WSAForce>
<WSAGenStyle>sync</WSAGenStyle>
<WSAHTTPAsyncResponseCode>204</WSAHTTPAsyncResponseCode>
<WSATimeout>120</WSATimeout>
<WSRMEnabled>off</WSRMEnabled>
<WSRMSequenceExpiration>3600</WSRMSequenceExpiration>
<WSRMDestinationAcceptCreateSequence>on</WSRMDestinationAcceptCreateSequence>
<WSRMDestinationMaximumSequences>400</WSRMDestinationMaximumSequences>
<WSRMDestinationInOrder>off</WSRMDestinationInOrder>
<WSRMDestinationMaximumInOrderQueueLength>10</WSRMDestinationMaximumInOrderQueueLength>
<WSRMDestinationAcceptOffers>off</WSRMDestinationAcceptOffers>
<WSRMFrontForce>off</WSRMFrontForce>
<WSRMBackForce>off</WSRMBackForce>
<WSRMBackCreateSequence>off</WSRMBackCreateSequence>
<WSRMFrontCreateSequence>off</WSRMFrontCreateSequence>
<WSRMSourceMakeOffer>off</WSRMSourceMakeOffer>
<WSRMUsesSequenceSSL>off</WSRMUsesSequenceSSL>
<WSRMSourceMaximumSequences>400</WSRMSourceMaximumSequences>
<WSRMSourceRetransmissionInterval>10</WSRMSourceRetransmissionInterval>
<WSRMSourceExponentialBackoff>on</WSRMSourceExponentialBackoff>
<WSRMSourceMaximumRetransmissions>4</WSRMSourceMaximumRetransmissions>
<WSRMSourceMaximumQueueLength>30</WSRMSourceMaximumQueueLength>
<WSRMSourceRequestAckCount>1</WSRMSourceRequestAckCount>
<WSRMSourceInactivityClose>360</WSRMSourceInactivityClose>
<ForcePolicyExec>off</ForcePolicyExec>
<RewriteErrors>on</RewriteErrors>
<DelayErrors>on</DelayErrors>
<DelayErrorsDuration>1000</DelayErrorsDuration>
<RequestType>preprocessed</RequestType>
<ResponseType>preprocessed</ResponseType>
<FollowRedirects>on</FollowRedirects>
<RewriteLocationHeader>off</RewriteLocationHeader>
<StylePolicy class="StylePolicy">ESBGW.CF.POLICY</StylePolicy>
<Type>dynamic-backend</Type>
<AllowCompression>off</AllowCompression>
<AllowCacheControlHeader>off</AllowCacheControlHeader>
<PolicyAttachments class="PolicyAttachments">ESBGW.CF.MPG</PolicyAttachments>
<GeneratedPolicies class="GeneratedPolicy">__gp_1444108853_0023</GeneratedPolicies>
<WSMAgentMonitor>off</WSMAgentMonitor>
<WSMAgentMonitorPCM>all-messages</WSMAgentMonitorPCM>
<ProxyHTTPResponse>off</ProxyHTTPResponse></MultiProtocolGateway><DomainAvailability name="default" intrinsic="true" xmlns:env="http://www.w3.org/2003/05/soap-envelope" xmlns:dp="http://www.datapower.com/schemas/management">
<mAdminState>disabled</mAdminState>
<MonitoredService>
<WSGatewayName/>
<MultiProtocolGatewayName class="MultiProtocolGateway">ESBGW.CF.MPG</MultiProtocolGatewayName></MonitoredService></DomainAvailability><LogTarget name="default-log" intrinsic="true" xmlns:env="http://www.w3.org/2003/05/soap-envelope" xmlns:dp="http://www.datapower.com/schemas/management">
<mAdminState read-only="true">enabled</mAdminState>
<UserSummary read-only="true">Default Domain Log</UserSummary>
<Type read-only="true">file</Type>
<Priority read-only="true">normal</Priority>
<SoapVersion read-only="true">soap11</SoapVersion>
<Format read-only="true">text</Format>
<TimestampFormat read-only="true">zulu</TimestampFormat>
<FixedFormat read-only="true">off</FixedFormat>
<Size read-only="true">500</Size>
<LocalFile read-only="true">logtemp:///default-log</LocalFile>
<ArchiveMode read-only="true">rotate</ArchiveMode>
<Rotate read-only="true">3</Rotate>
<UseANSIColor read-only="true">off</UseANSIColor>
<SyslogFacility read-only="true">user</SyslogFacility>
<RateLimit read-only="true">100</RateLimit>
<ConnectTimeout read-only="true">60</ConnectTimeout>
<IdleTimeout read-only="true">15</IdleTimeout>
<ActiveTimeout read-only="true">0</ActiveTimeout>
<FeedbackDetection read-only="true">off</FeedbackDetection>
<IdenticalEventSuppression read-only="true">off</IdenticalEventSuppression>
<IdenticalEventPeriod read-only="true">10</IdenticalEventPeriod>
<LogEvents>
<Class class="LogLabel">all</Class>
<Priority>error</Priority></LogEvents>
<LogEvents>
<Class class="LogLabel">mgmt</Class>
<Priority>notice</Priority></LogEvents></LogTarget><Matching name="__default-accept-service-providers__" intrinsic="true" xmlns:env="http://www.w3.org/2003/05/soap-envelope" xmlns:dp="http://www.datapower.com/schemas/management">
<mAdminState>enabled</mAdminState>
<UserSummary>Match all messages.</UserSummary>
<MatchRules>
<Type>url</Type>
<HttpTag/>
<HttpValue/>
<Url>*</Url>
<ErrorCode/>
<XPATHExpression/>
<Method>default</Method>
<CustomMethod/></MatchRules>
<MatchWithPCRE>off</MatchWithPCRE>
<CombineWithOr>off</CombineWithOr></Matching><MQQMGroup name="LOG.MQGR" xmlns:env="http://www.w3.org/2003/05/soap-envelope" xmlns:dp="http://www.datapower.com/schemas/management">
<mAdminState>enabled</mAdminState>
<PrimaryQueueManager class="MQQM">IRUS.SBI.GW1</PrimaryQueueManager></MQQMGroup><NFSDynamicMounts name="default" intrinsic="true" xmlns:env="http://www.w3.org/2003/05/soap-envelope" xmlns:dp="http://www.datapower.com/schemas/management">
<mAdminState>disabled</mAdminState>
<Version>3</Version>
<Transport>tcp</Transport>
<MountType>hard</MountType>
<ReadOnly>off</ReadOnly>
<ReadSize>4096</ReadSize>
<WriteSize>4096</WriteSize>
<Timeout>7</Timeout>
<Retransmissions>3</Retransmissions>
<IdleUnmountSeconds>900</IdleUnmountSeconds>
<MountTimeoutSeconds>30</MountTimeoutSeconds></NFSDynamicMounts><ProcessingMetadata name="ftp-usercert-metadata" intrinsic="true" xmlns:env="http://www.w3.org/2003/05/soap-envelope" xmlns:dp="http://www.datapower.com/schemas/management">
<mAdminState>enabled</mAdminState>
<MetaItem>
<MetaCategory>variable</MetaCategory>
<MetaName>dn</MetaName>
<DataSource>var://context/INPUT/ftp/tls/client-subject-dn</DataSource></MetaItem>
<MetaItem>
<MetaCategory>variable</MetaCategory>
<MetaName>issuer</MetaName>
<DataSource>var://context/INPUT/ftp/tls/client-issuer-dn</DataSource></MetaItem>
<MetaItem>
<MetaCategory>variable</MetaCategory>
<MetaName>serial</MetaName>
<DataSource>var://context/INPUT/ftp/tls/client-serial-number</DataSource></MetaItem></ProcessingMetadata><ProcessingMetadata name="ftp-username-metadata" intrinsic="true" xmlns:env="http://www.w3.org/2003/05/soap-envelope" xmlns:dp="http://www.datapower.com/schemas/management">
<mAdminState>enabled</mAdminState>
<MetaItem>
<MetaCategory>variable</MetaCategory>
<MetaName>dn</MetaName>
<DataSource>var://context/INPUT/ftp/tls/client-subject-dn</DataSource></MetaItem>
<MetaItem>
<MetaCategory>variable</MetaCategory>
<MetaName>issuer</MetaName>
<DataSource>var://context/INPUT/ftp/tls/client-issuer-dn</DataSource></MetaItem>
<MetaItem>
<MetaCategory>variable</MetaCategory>
<MetaName>password</MetaName>
<DataSource>var://context/INPUT/ftp/password</DataSource></MetaItem>
<MetaItem>
<MetaCategory>variable</MetaCategory>
<MetaName>serial</MetaName>
<DataSource>var://context/INPUT/ftp/tls/client-serial-number</DataSource></MetaItem>
<MetaItem>
<MetaCategory>variable</MetaCategory>
<MetaName>username</MetaName>
<DataSource>var://context/INPUT/ftp/username</DataSource></MetaItem></ProcessingMetadata><ProcessingMetadata name="oauth-scope-metadata" intrinsic="true" xmlns:env="http://www.w3.org/2003/05/soap-envelope" xmlns:dp="http://www.datapower.com/schemas/management">
<mAdminState>enabled</mAdminState>
<MetaItem>
<MetaCategory>variable</MetaCategory>
<MetaName>scope</MetaName>
<DataSource>var://context/INPUT/oauth/verified-scope</DataSource></MetaItem></ProcessingMetadata><ProcessingMetadata name="ssh-password-metadata" intrinsic="true" xmlns:env="http://www.w3.org/2003/05/soap-envelope" xmlns:dp="http://www.datapower.com/schemas/management">
<mAdminState>enabled</mAdminState>
<MetaItem>
<MetaCategory>variable</MetaCategory>
<MetaName>password</MetaName>
<DataSource>var://context/INPUT/ssh/password</DataSource></MetaItem>
<MetaItem>
<MetaCategory>variable</MetaCategory>
<MetaName>publickey</MetaName>
<DataSource>var://context/INPUT/ssh/publickey</DataSource></MetaItem>
<MetaItem>
<MetaCategory>variable</MetaCategory>
<MetaName>username</MetaName>
<DataSource>var://context/INPUT/ssh/username</DataSource></MetaItem></ProcessingMetadata><SLMAction name="notify" xmlns:env="http://www.w3.org/2003/05/soap-envelope" xmlns:dp="http://www.datapower.com/schemas/management">
<mAdminState>enabled</mAdminState>
<Type>log-only</Type>
<LogLevel>warn</LogLevel></SLMAction><SLMAction name="shape" xmlns:env="http://www.w3.org/2003/05/soap-envelope" xmlns:dp="http://www.datapower.com/schemas/management">
<mAdminState>enabled</mAdminState>
<Type>shape</Type>
<LogLevel>debug</LogLevel></SLMAction><SLMAction name="throttle" xmlns:env="http://www.w3.org/2003/05/soap-envelope" xmlns:dp="http://www.datapower.com/schemas/management">
<mAdminState>enabled</mAdminState>
<Type>reject</Type>
<LogLevel>debug</LogLevel></SLMAction><Statistics name="default" intrinsic="true" xmlns:env="http://www.w3.org/2003/05/soap-envelope" xmlns:dp="http://www.datapower.com/schemas/management">
<mAdminState>disabled</mAdminState>
<LoadInterval read-only="true">1000</LoadInterval></Statistics><StylePolicy name="default" intrinsic="true" xmlns:env="http://www.w3.org/2003/05/soap-envelope" xmlns:dp="http://www.datapower.com/schemas/management">
<mAdminState>enabled</mAdminState>
<UserSummary>Default Processing Policy</UserSummary>
<DefStylesheetForSoap>store:///filter-reject-all.xsl</DefStylesheetForSoap>
<DefStylesheetForXsl>store:///identity.xsl</DefStylesheetForXsl>
<DefXQueryForJSON>store:///reject-all-json.xq</DefXQueryForJSON></StylePolicy><StylePolicyAction name="__default-accept-service-providers-filter-action__" intrinsic="true" xmlns:env="http://www.w3.org/2003/05/soap-envelope" xmlns:dp="http://www.datapower.com/schemas/management">
<mAdminState>enabled</mAdminState>
<Type>filter</Type>
<Input>NULL</Input>
<Transform>store:///filter-accept-service-providers.xsl</Transform>
<ActionDebug persisted="false">off</ActionDebug>
<NamedInOutLocationType>default</NamedInOutLocationType>
<Transactional>off</Transactional>
<SOAPValidation>body</SOAPValidation>
<SQLSourceType>static</SQLSourceType>
<Asynchronous>off</Asynchronous>
<ResultsMode>first-available</ResultsMode>
<RetryCount>0</RetryCount>
<RetryInterval>1000</RetryInterval>
<MultipleOutputs>off</MultipleOutputs>
<IteratorType>XPATH</IteratorType>
<Timeout>0</Timeout>
<MethodRewriteType>GET</MethodRewriteType>
<MethodType>POST</MethodType>
<MethodType2>POST</MethodType2></StylePolicyAction><StylePolicyAction name="__default-accept-service-providers-results-action__" intrinsic="true" xmlns:env="http://www.w3.org/2003/05/soap-envelope" xmlns:dp="http://www.datapower.com/schemas/management">
<mAdminState>enabled</mAdminState>
<Type>results</Type>
<Input>INPUT</Input>
<ActionDebug persisted="false">off</ActionDebug>
<NamedInOutLocationType>default</NamedInOutLocationType>
<Transactional>off</Transactional>
<SOAPValidation>body</SOAPValidation>
<SQLSourceType>static</SQLSourceType>
<Asynchronous>off</Asynchronous>
<ResultsMode>first-available</ResultsMode>
<RetryCount>0</RetryCount>
<RetryInterval>1000</RetryInterval>
<MultipleOutputs>off</MultipleOutputs>
<IteratorType>XPATH</IteratorType>
<Timeout>0</Timeout>
<MethodRewriteType>GET</MethodRewriteType>
<MethodType>POST</MethodType>
<MethodType2>POST</MethodType2></StylePolicyAction><StylePolicyRule name="__default-accept-service-providers-request__" intrinsic="true" xmlns:env="http://www.w3.org/2003/05/soap-envelope" xmlns:dp="http://www.datapower.com/schemas/management">
<mAdminState>enabled</mAdminState>
<UserSummary>Accept messages intended for known services, reject everything else.</UserSummary>
<Direction>request-rule</Direction>
<InputFormat>none</InputFormat>
<OutputFormat>none</OutputFormat>
<NonXMLProcessing>off</NonXMLProcessing>
<Unprocessed>off</Unprocessed>
<Actions class="StylePolicyAction">__default-accept-service-providers-filter-action__</Actions>
<Actions class="StylePolicyAction">__default-accept-service-providers-results-action__</Actions></StylePolicyRule><StylePolicyRule name="__default-accept-service-providers-response__" intrinsic="true" xmlns:env="http://www.w3.org/2003/05/soap-envelope" xmlns:dp="http://www.datapower.com/schemas/management">
<mAdminState>enabled</mAdminState>
<UserSummary>Accept responses received from known services.</UserSummary>
<Direction>response-rule</Direction>
<InputFormat>none</InputFormat>
<OutputFormat>none</OutputFormat>
<NonXMLProcessing>off</NonXMLProcessing>
<Unprocessed>off</Unprocessed>
<Actions class="StylePolicyAction">__default-accept-service-providers-results-action__</Actions></StylePolicyRule><StylePolicy name="default-accept-service-providers" intrinsic="true" xmlns:env="http://www.w3.org/2003/05/soap-envelope" xmlns:dp="http://www.datapower.com/schemas/management">
<mAdminState>enabled</mAdminState>
<UserSummary>Default Processing Policy which accepts only messages that match known WSRR services in a Multi-Protocol Gateway.</UserSummary>
<DefStylesheetForSoap>store:///filter-reject-all.xsl</DefStylesheetForSoap>
<DefStylesheetForXsl>store:///identity.xsl</DefStylesheetForXsl>
<DefXQueryForJSON>store:///reject-all-json.xq</DefXQueryForJSON>
<PolicyMaps>
<Match class="Matching">__default-accept-service-providers__</Match>
<Rule class="StylePolicyRule">__default-accept-service-providers-request__</Rule></PolicyMaps>
<PolicyMaps>
<Match class="Matching">__default-accept-service-providers__</Match>
<Rule class="StylePolicyRule">__default-accept-service-providers-response__</Rule></PolicyMaps></StylePolicy><StylePolicyAction name="ESBGW.CF.MPG_policy_error_rule_xform_20" xmlns:env="http://www.w3.org/2003/05/soap-envelope" xmlns:dp="http://www.datapower.com/schemas/management">
<mAdminState>enabled</mAdminState>
<Type>xform</Type>
<Input>INPUT</Input>
<Transform>local:///MakeError.xsl</Transform>
<ActionDebug persisted="false">off</ActionDebug>
<Output>error_out</Output>
<NamedInOutLocationType>default</NamedInOutLocationType>
<OutputType>default</OutputType>
<Transactional>off</Transactional>
<SOAPValidation>body</SOAPValidation>
<SQLSourceType>static</SQLSourceType>
<Asynchronous>off</Asynchronous>
<ResultsMode>first-available</ResultsMode>
<RetryCount>0</RetryCount>
<RetryInterval>1000</RetryInterval>
<MultipleOutputs>off</MultipleOutputs>
<IteratorType>XPATH</IteratorType>
<Timeout>0</Timeout>
<MethodRewriteType>GET</MethodRewriteType>
<MethodType>POST</MethodType>
<MethodType2>POST</MethodType2></StylePolicyAction><WebServicesAgent name="default" intrinsic="true" xmlns:env="http://www.w3.org/2003/05/soap-envelope" xmlns:dp="http://www.datapower.com/schemas/management">
<mAdminState>enabled</mAdminState>
<MaxRecords>3000</MaxRecords>
<MaxMemoryKB>64000</MaxMemoryKB>
<CaptureMode>faults</CaptureMode>
<BufferMode>discard</BufferMode>
<MediationMetrics>off</MediationMetrics>
<PushInterval>100</PushInterval></WebServicesAgent><WSStylePolicy name="default" intrinsic="true" xmlns:env="http://www.w3.org/2003/05/soap-envelope" xmlns:dp="http://www.datapower.com/schemas/management">
<mAdminState>enabled</mAdminState>
<UserSummary>Default Processing Policy</UserSummary>
<DefStylesheetForSoap>store:///filter-reject-all.xsl</DefStylesheetForSoap>
<DefStylesheetForXsl>store:///identity.xsl</DefStylesheetForXsl></WSStylePolicy><XMLManager name="default" intrinsic="true" xmlns:env="http://www.w3.org/2003/05/soap-envelope" xmlns:dp="http://www.datapower.com/schemas/management">
<mAdminState>enabled</mAdminState>
<UserSummary>Default XML-Manager</UserSummary>
<CacheSize>256</CacheSize>
<SHA1Caching>on</SHA1Caching>
<StaticDocumentCalls>on</StaticDocumentCalls>
<SearchResults>on</SearchResults>
<SupportTxWarn>off</SupportTxWarn>
<Memoization>on</Memoization>
<ParserLimitsBytesScanned>4194304</ParserLimitsBytesScanned>
<ParserLimitsElementDepth>512</ParserLimitsElementDepth>
<ParserLimitsAttributeCount>128</ParserLimitsAttributeCount>
<ParserLimitsMaxNodeSize>33554432</ParserLimitsMaxNodeSize>
<ParserLimitsForbidExternalReferences>on</ParserLimitsForbidExternalReferences>
<ParserLimitsExternalReferences>forbid</ParserLimitsExternalReferences>
<ParserLimitsMaxPrefixes>0</ParserLimitsMaxPrefixes>
<ParserLimitsMaxNamespaces>0</ParserLimitsMaxNamespaces>
<ParserLimitsMaxLocalNames>0</ParserLimitsMaxLocalNames>
<DocCacheMaxDocs>5000</DocCacheMaxDocs>
<DocCacheSize>0</DocCacheSize>
<UserAgent class="HTTPUserAgent">default</UserAgent></XMLManager><XMLManager name="default-attempt-stream" intrinsic="true" xmlns:env="http://www.w3.org/2003/05/soap-envelope" xmlns:dp="http://www.datapower.com/schemas/management">
<mAdminState>enabled</mAdminState>
<UserSummary>Default Streaming XML-Manager</UserSummary>
<CompileOptionsPolicy class="CompileOptionsPolicy">default-attempt-stream</CompileOptionsPolicy>
<CacheSize>256</CacheSize>
<SHA1Caching>on</SHA1Caching>
<StaticDocumentCalls>on</StaticDocumentCalls>
<SearchResults>on</SearchResults>
<SupportTxWarn>off</SupportTxWarn>
<Memoization>on</Memoization>
<ParserLimitsBytesScanned>268435456</ParserLimitsBytesScanned>
<ParserLimitsElementDepth>512</ParserLimitsElementDepth>
<ParserLimitsAttributeCount>128</ParserLimitsAttributeCount>
<ParserLimitsMaxNodeSize>268435456</ParserLimitsMaxNodeSize>
<ParserLimitsForbidExternalReferences>on</ParserLimitsForbidExternalReferences>
<ParserLimitsExternalReferences>forbid</ParserLimitsExternalReferences>
<ParserLimitsMaxPrefixes>0</ParserLimitsMaxPrefixes>
<ParserLimitsMaxNamespaces>0</ParserLimitsMaxNamespaces>
<ParserLimitsMaxLocalNames>0</ParserLimitsMaxLocalNames>
<DocCacheMaxDocs>5000</DocCacheMaxDocs>
<DocCacheSize>0</DocCacheSize>
<UserAgent class="HTTPUserAgent">default</UserAgent></XMLManager></configuration><files><file name="local:///ParamsToContext.xsl" src="local/ParamsToContext.xsl" location="local" hash="+4SjI1hAHh6wea7agVsGptmfuWE="/><file name="local:///allParameters.xsl" src="local/allParameters.xsl" location="local" hash="WjDt2gdq1KsTttiM14l4HZW+g5A="/><file name="local:///routes/IGRoutes.xml" src="local/routes/IGRoutes.xml" location="local" hash="AEky3rqGx2zi4HNjyPBx5SwtAxU="/><file name="local:///CheckMQRC.xslt" src="local/CheckMQRC.xslt" location="local" hash="pnk5PrNcRXRs4WA+ZBZT9btDOow="/><file name="local:///DeleteXmitHeaders.xsl" src="local/DeleteXmitHeaders.xsl" location="local" hash="d9ACGF7vtH/DnuiopSy5BBDIRvc="/><file name="local:///HeaderAndBodyOutput.ffd" src="local/HeaderAndBodyOutput.ffd" location="local" hash="bgWOAP3mo78ROTbg02a2AVccvHI="/><file name="local:///Route.xsl" src="local/Route.xsl" location="local" hash="lDC98DQN7GwtKt4TsmBPrxCTaEU="/><file name="local:///dict/cf/operations.xml" src="local/dict/cf/operations.xml" location="local" hash="KSCyzpdyaSt46j7KihvpXmGygr8="/><file name="local:///dict/cf/msgs.xml" src="local/dict/cf/msgs.xml" location="local" hash="lKtQDDYrf8yRZDl2FP/GzBPq8CM="/><file name="local:///dict/cf/diagnostic.xml" src="local/dict/cf/diagnostic.xml" location="local" hash="k4kRyVDUQdDXaFFmgot6ok7dduo="/><file name="local:///routeFunctions.xsl" src="local/routeFunctions.xsl" location="local" hash="lwW+TybpZKa2q4HBhgf3ZgPkwao="/><file name="local:///cf/SQL-Injection-Patterns-CF.xml" src="local/cf/SQL-Injection-Patterns-CF.xml" location="local" hash="ku1eX7bzDNmetruJ8xmd1YBzVQs="/><file name="local:///cf/maps/CopyAll.xsl" src="local/cf/maps/CopyAll.xsl" location="local" hash="Wj5RLP1HeHQPOsDipliRFiC+gqg="/><file name="local:///cf/maps/CopyAll.Err.xsl" src="local/cf/maps/CopyAll.Err.xsl" location="local" hash="0lKE+cgPPlVn6SbrUFH4oLd5YA8="/><file name="local:///cf/SQL-Injection-Filter-CF.xsl" src="local/cf/SQL-Injection-Filter-CF.xsl" location="local" hash="7zXlCTlVENZ5W7wbio5T5toV7eY="/><file name="local:///cf/xsd/DocApplication/DocApplicationType.xsd" src="local/cf/xsd/DocApplication/DocApplicationType.xsd" location="local" hash="G9wgGbtq/pqgZysv2JOLkl317xE="/><file name="local:///cf/xsd/SrvSearchCustomer.xsd" src="local/cf/xsd/SrvSearchCustomer.xsd" location="local" hash="KgMKCFYlDO35owU3PKlunsNC7lY="/><file name="local:///cf/xsd/GetCRU/GetCRU.xsd" src="local/cf/xsd/GetCRU/GetCRU.xsd" location="local" hash="Zt3SAcISaeI35Pd08YuLtxJvRcs="/><file name="local:///cf/xsd/SrvDocContracts.xsd" src="local/cf/xsd/SrvDocContracts.xsd" location="local" hash="x6jaW4M44+38SNgbuBGr7Y4h23c="/><file name="local:///cf/xsd/SrvCreateLoanNumber.xsd" src="local/cf/xsd/SrvCreateLoanNumber.xsd" location="local" hash="MY1+KSizMYBzZMWraE+XsTi4ERE="/><file name="local:///cf/xsd/SrvGetNace.xsd" src="local/cf/xsd/SrvGetNace.xsd" location="local" hash="XIEeLWxEUlImJTc2IErYuD+r3Kg="/><file name="local:///cf/xsd/SrvSearchPreApproved.xsd" src="local/cf/xsd/SrvSearchPreApproved.xsd" location="local" hash="wYcWfhx3xovOuI0Sg8nQyClIjoA="/><file name="local:///cf/xsd/SrvCheckIdBRKI.xsd" src="local/cf/xsd/SrvCheckIdBRKI.xsd" location="local" hash="f3G1HMcKHKRmMr8eaX02+RRNvuY="/><file name="local:///cf/xsd/SrvGetNameHistory.xsd" src="local/cf/xsd/SrvGetNameHistory.xsd" location="local" hash="slFg6jmRxgtB+2M0TCeCDcB8GCM="/><file name="local:///cf/xsd/BlackList/BlacklistSKType.xsd" src="local/cf/xsd/BlackList/BlacklistSKType.xsd" location="local" hash="IFjiQ9JE6IRPfy/mIy9TKA0ZLso="/><file name="local:///cf/xsd/BlackList/BlacklistType.xsd" src="local/cf/xsd/BlackList/BlacklistType.xsd" location="local" hash="Cj7GC9QO4LDC5bheB/I3zaz9SjY="/><file name="local:///cf/xsd/SrvGetReferenceRates.xsd" src="local/cf/xsd/SrvGetReferenceRates.xsd" location="local" hash="XS5iTdNadQhFZdgAktABCfT9/bI="/><file name="local:///cf/xsd/Notary/NotaryType.xsd" src="local/cf/xsd/Notary/NotaryType.xsd" location="local" hash="9JjHZnSjIBq1tR7Ab4wGdl08VS0="/><file name="local:///cf/xsd/SrvGetExecDetail.xsd" src="local/cf/xsd/SrvGetExecDetail.xsd" location="local" hash="z2k4DtB2d6cuZHI3I5DPGoEWFXo="/><file name="local:///cf/xsd/SrvRepaymentSchedule.xsd" src="local/cf/xsd/SrvRepaymentSchedule.xsd" location="local" hash="0vVfvRoHaAYU5YNCxtkbZGRZRSI="/><file name="local:///cf/xsd/SrvSendSMS.xsd" src="local/cf/xsd/SrvSendSMS.xsd" location="local" hash="pwazxV2Ny/tX+Uxtn0hTO8TlAcg="/><file name="local:///cf/xsd/SrvGetExecList.xsd" src="local/cf/xsd/SrvGetExecList.xsd" location="local" hash="8gBvAL9ykiZHR71WxJDL19cVVQs="/><file name="local:///cf/xsd/GetExchangeRate/GetExchangeRateType.xsd" src="local/cf/xsd/GetExchangeRate/GetExchangeRateType.xsd" location="local" hash="2ujXjcOmAGShwYPHKXeEySnPxBA="/><file name="local:///cf/xsd/Aggregation.xsd" src="local/cf/xsd/Aggregation.xsd" location="local" hash="ZjXPcuziE1tCIRXYETZx4a/Vwu0="/><file name="local:///cf/xsd/SrvCheckECF.xsd" src="local/cf/xsd/SrvCheckECF.xsd" location="local" hash="CQoJOO3wJ8vBog5LS6Us7PG3Ejk="/><file name="local:///cf/xsd/SrvBlacklist.xsd" src="local/cf/xsd/SrvBlacklist.xsd" location="local" hash="rHQIzXmtBmQWIXsWlV1oSOwWEr4="/><file name="local:///cf/xsd/ReserveLoanNumber/ReserveLoanNumber.xsd" src="local/cf/xsd/ReserveLoanNumber/ReserveLoanNumber.xsd" location="local" hash="LlZGrnpT6GpBFrWDOmNGSgfJePY="/><file name="local:///cf/xsd/SrvGetAccounts.xsd" src="local/cf/xsd/SrvGetAccounts.xsd" location="local" hash="RcJMrAcFEYz+m/nk92/6lkaVNkg="/><file name="local:///cf/xsd/SrvGetAggregateList.xsd" src="local/cf/xsd/SrvGetAggregateList.xsd" location="local" hash="khQqt8aCL/0G1btUA3c1QSP+7K0="/><file name="local:///cf/xsd/CheckEmployer/CheckEmployerType.xsd" src="local/cf/xsd/CheckEmployer/CheckEmployerType.xsd" location="local" hash="B6c8dU8nyvOMr60Uiq407hj0t/Q="/><file name="local:///cf/xsd/SrvDocLoan.xsd" src="local/cf/xsd/SrvDocLoan.xsd" location="local" hash="iZeLEvyM8T3Udfq1fyQ80U3xqok="/><file name="local:///cf/xsd/SrvTaxPayer.xsd" src="local/cf/xsd/SrvTaxPayer.xsd" location="local" hash="G/Fu77n0CgqB2BGl9xUGuxTKhxI="/><file name="local:///cf/xsd/GetProperties/GetPropertiesType.xsd" src="local/cf/xsd/GetProperties/GetPropertiesType.xsd" location="local" hash="sEMpPlX0P7KaYhn1ppcVK6+qd5k="/><file name="local:///cf/xsd/SrvGetExposure.xsd" src="local/cf/xsd/SrvGetExposure.xsd" location="local" hash="MaUMJTHGKnVePIo+t2DgB311gAU="/><file name="local:///cf/xsd/CreateCustomer/CreateCustomerType.xsd" src="local/cf/xsd/CreateCustomer/CreateCustomerType.xsd" location="local" hash="XYWRp2TDM1noOJLbL4gbi3x3PSQ="/><file name="local:///cf/xsd/DocBoEs/DocBoEsType.xsd" src="local/cf/xsd/DocBoEs/DocBoEsType.xsd" location="local" hash="3AdEk0YnPvHgQdDHxq6vERZu24A="/><file name="local:///cf/xsd/SearchCustomer/SearchCustomerType.xsd" src="local/cf/xsd/SearchCustomer/SearchCustomerType.xsd" location="local" hash="YupdCkxgBY4w6+dl7y5Jcvq/+v4="/><file name="local:///cf/xsd/IsirEvents/IsirEventsType.xsd" src="local/cf/xsd/IsirEvents/IsirEventsType.xsd" location="local" hash="4EBRzJEeXFM1ZQlfo+lekkJvtTY="/><file name="local:///cf/xsd/CheckBankruptcy/CheckBankruptcyType.xsd" src="local/cf/xsd/CheckBankruptcy/CheckBankruptcyType.xsd" location="local" hash="uiX+7405wZdo1+mVun2EJA3xpis="/><file name="local:///cf/xsd/GetClientInternalGRE/GetClientInternalGRE.xsd" src="local/cf/xsd/GetClientInternalGRE/GetClientInternalGRE.xsd" location="local" hash="w9dGqAk2oGVdHK75F0Jho41ZJJ4="/><file name="local:///cf/xsd/CheckStolenDocs/CheckStolenDocsType.xsd" src="local/cf/xsd/CheckStolenDocs/CheckStolenDocsType.xsd" location="local" hash="OQ/0jDKfhgLauXOUwE4RutFdsy8="/><file name="local:///cf/xsd/DocContracts/DocContractsType.xsd" src="local/cf/xsd/DocContracts/DocContractsType.xsd" location="local" hash="lMLxw6XVdbDmWdbCk+Mj7VZncnw="/><file name="local:///cf/xsd/KaPrevLoanAppList/KaPrevLoanAppListType.xsd" src="local/cf/xsd/KaPrevLoanAppList/KaPrevLoanAppListType.xsd" location="local" hash="uEaOOTN5Di4adEnxltzhuEbodMM="/><file name="local:///cf/xsd/SrvCheckRegister.xsd" src="local/cf/xsd/SrvCheckRegister.xsd" location="local" hash="Yx0C7OA4gKVfe1WYyqrVzQBMjH8="/><file name="local:///cf/xsd/BRKI/GetAggregatesBRKIType.xsd" src="local/cf/xsd/BRKI/GetAggregatesBRKIType.xsd" location="local" hash="BUpa1zX4ALVyUaTgBIRHnyVmEWI="/><file name="local:///cf/xsd/BRKI/GetLiabilitiesBRKIType.xsd" src="local/cf/xsd/BRKI/GetLiabilitiesBRKIType.xsd" location="local" hash="d0mQXKedKbE/IP8CO0TrAQuTiko="/><file name="local:///cf/xsd/BRKI/CheckIdBRKIType.xsd" src="local/cf/xsd/BRKI/CheckIdBRKIType.xsd" location="local" hash="NwiLh5tse6ziJmtJmQcL5XA8pIo="/><file name="local:///cf/xsd/BRKI/CommonRequestType.xsd" src="local/cf/xsd/BRKI/CommonRequestType.xsd" location="local" hash="rXVQfIufxqAZHfBlT1SOPnHmzXM="/><file name="local:///cf/xsd/CreateLoanNumber/CreateLoanNumber.xsd" src="local/cf/xsd/CreateLoanNumber/CreateLoanNumber.xsd" location="local" hash="Keew+Uf/CLxVGZwSSfxHPEw9TMw="/><file name="local:///cf/xsd/GetReferenceRate/GetReferenceRateType.xsd" src="local/cf/xsd/GetReferenceRate/GetReferenceRateType.xsd" location="local" hash="oSRFvJEYQqLwx44sQ8yC7ZCsiMc="/><file name="local:///cf/xsd/SrvGetRelatedGRESubjectList.xsd" src="local/cf/xsd/SrvGetRelatedGRESubjectList.xsd" location="local" hash="+sybkKIlRuKmc444ZDBU2ZqLCcY="/><file name="local:///cf/xsd/SrvGetAggregateOwnerAndStatutory.xsd" src="local/cf/xsd/SrvGetAggregateOwnerAndStatutory.xsd" location="local" hash="Gn++lFj2VkIVcgJj6YGeOUVGVTw="/><file name="local:///cf/xsd/SrvSearchCadastre.xsd" src="local/cf/xsd/SrvSearchCadastre.xsd" location="local" hash="2A90EC9oYFZ4OEKzxch4/iCh2eY="/><file name="local:///cf/xsd/SrvCheckInfoSIA.xsd" src="local/cf/xsd/SrvCheckInfoSIA.xsd" location="local" hash="RNmlLGKcrnlQXyl7X2eshNx+AH4="/><file name="local:///cf/xsd/TaxPayer/TaxPayerType.xsd" src="local/cf/xsd/TaxPayer/TaxPayerType.xsd" location="local" hash="8yTqWv5h9xVl55e/m6SUgdssAPg="/><file name="local:///cf/xsd/GetWarningList/GetWarningListType.xsd" src="local/cf/xsd/GetWarningList/GetWarningListType.xsd" location="local" hash="yJnzFNqweMExKqRcdtE05YcAB8o="/><file name="local:///cf/xsd/GetAggregateList/GetAggregateListType.xsd" src="local/cf/xsd/GetAggregateList/GetAggregateListType.xsd" location="local" hash="2W8L41zPQL15qgD6CD48bCpIuto="/><file name="local:///cf/xsd/SrvCreateCustomer.xsd" src="local/cf/xsd/SrvCreateCustomer.xsd" location="local" hash="FjWBmTJOWjXKcD5uNsAKjpdZTbk="/><file name="local:///cf/xsd/SendSMS/SendSMSType.xsd" src="local/cf/xsd/SendSMS/SendSMSType.xsd" location="local" hash="peGJTRqK8CrAc1Gcg3hYzmxXZdg="/><file name="local:///cf/xsd/SrvGetFinalOwnerList.xsd" src="local/cf/xsd/SrvGetFinalOwnerList.xsd" location="local" hash="81dluBY4YZShnCGnbVBXvpGf+lI="/><file name="local:///cf/xsd/SendEmail/SendEmailType.xsd" src="local/cf/xsd/SendEmail/SendEmailType.xsd" location="local" hash="LQRoR/N4lz3z3tuVQFQZp5B7T/k="/><file name="local:///cf/xsd/CheckAddress/CheckAddress.xsd" src="local/cf/xsd/CheckAddress/CheckAddress.xsd" location="local" hash="dlkbxaPgsm8IxCkwnp9TQJMbwg4="/><file name="local:///cf/xsd/SrvIsirEvents.xsd" src="local/cf/xsd/SrvIsirEvents.xsd" location="local" hash="6S4FdHPeQa1VnsppLkGgUQR0VVc="/><file name="local:///cf/xsd/CheckCustomer/CheckCustomerType.xsd" src="local/cf/xsd/CheckCustomer/CheckCustomerType.xsd" location="local" hash="k66gue5FJ845wQoRyHQnUD8Oo4U="/><file name="local:///cf/xsd/GetFinalOwnerList/GetFinalOwnerListType.xsd" src="local/cf/xsd/GetFinalOwnerList/GetFinalOwnerListType.xsd" location="local" hash="UQCEN4JtbzR2g7iIzU+s9z1SBno="/><file name="local:///cf/xsd/SrvGetRelatedSubjectList.xsd" src="local/cf/xsd/SrvGetRelatedSubjectList.xsd" location="local" hash="9TC35aezuHKKkEhwevuWM9OoCpY="/><file name="local:///cf/xsd/UpdateCustomer/UpdateCustomerType.xsd" src="local/cf/xsd/UpdateCustomer/UpdateCustomerType.xsd" location="local" hash="CKto/jwQo/B6fkIleSFZRj5bGSA="/><file name="local:///cf/xsd/PreApproved/PreApprovedType.xsd" src="local/cf/xsd/PreApproved/PreApprovedType.xsd" location="local" hash="CSHTf7NegXlU6XOxaczqA6S6aws="/><file name="local:///cf/xsd/SrvGetProperties.xsd" src="local/cf/xsd/SrvGetProperties.xsd" location="local" hash="Pnhx0FaM2rV1ImtgB+NR9Z/YPfE="/><file name="local:///cf/xsd/SrvCheckInDebtorsReg.xsd" src="local/cf/xsd/SrvCheckInDebtorsReg.xsd" location="local" hash="TaGX0iQOchGwLFR5S3o38niZZjg="/><file name="local:///cf/xsd/SrvGetAddressHistory.xsd" src="local/cf/xsd/SrvGetAddressHistory.xsd" location="local" hash="3OEOFj0i8hRWZw0uJKaaXpHZEQU="/><file name="local:///cf/xsd/GetOpenApplications/GetOpenApplicationsType.xsd" src="local/cf/xsd/GetOpenApplications/GetOpenApplicationsType.xsd" location="local" hash="irNKAkw50KtxDSEDTrSXWduGDQU="/><file name="local:///cf/xsd/CustomerFileData/CustomerFileData.xsd" src="local/cf/xsd/CustomerFileData/CustomerFileData.xsd" location="local" hash="BKUQFre8B4pEDCqQI594R1cHf74="/><file name="local:///cf/xsd/SrvGetHeldItems.xsd" src="local/cf/xsd/SrvGetHeldItems.xsd" location="local" hash="8jG3a3KJ/wS/Cq49gv1iVOAKVDY="/><file name="local:///cf/xsd/SrvGetOpenApplications.xsd" src="local/cf/xsd/SrvGetOpenApplications.xsd" location="local" hash="KeCfvjJbpT5oCfBYJhMO/xpdAMA="/><file name="local:///cf/xsd/SrvBlacklistSK.xsd" src="local/cf/xsd/SrvBlacklistSK.xsd" location="local" hash="84KjQic986NUYwWqHPv3stIwROU="/><file name="local:///cf/xsd/SrvGetClient.xsd" src="local/cf/xsd/SrvGetClient.xsd" location="local" hash="if6LwMX4Ix+H6NOZyfR5+cqhs30="/><file name="local:///cf/xsd/RBUZ/CheckType.xsd" src="local/cf/xsd/RBUZ/CheckType.xsd" location="local" hash="rnStT5wSP0DPkFlMBHDoqrS0CG0="/><file name="local:///cf/xsd/RBUZ/ResultType.xsd" src="local/cf/xsd/RBUZ/ResultType.xsd" location="local" hash="y2i8CYFJamPy/bnhrPhxE+QhJUU="/><file name="local:///cf/xsd/SrvSearchNotary.xsd" src="local/cf/xsd/SrvSearchNotary.xsd" location="local" hash="YIYe+3CSweKrVdfnhy0xZHHdNRc="/><file name="local:///cf/xsd/SrvSendRating.xsd" src="local/cf/xsd/SrvSendRating.xsd" location="local" hash="z7E46jVVSRPDSfRNV6See05Cx9k="/><file name="local:///cf/xsd/CheckRegister/CheckRegisterType.xsd" src="local/cf/xsd/CheckRegister/CheckRegisterType.xsd" location="local" hash="oFQURFjTLvrF8rtlfj5TkN9t/tg="/><file name="local:///cf/xsd/SrvReserveLoanNumber.xsd" src="local/cf/xsd/SrvReserveLoanNumber.xsd" location="local" hash="t+sl1WKvr7ISK4AkkpzNgBanIho="/><file name="local:///cf/xsd/SrvUpdateCustomer.xsd" src="local/cf/xsd/SrvUpdateCustomer.xsd" location="local" hash="YNsbhDsaOxWV5tJGzpY3xaOEykU="/><file name="local:///cf/xsd/SrvGetCRU.xsd" src="local/cf/xsd/SrvGetCRU.xsd" location="local" hash="cg0eE1JgCeyZ1pPz8djEMQvVr+0="/><file name="local:///cf/xsd/SrvEmail.xsd" src="local/cf/xsd/SrvEmail.xsd" location="local" hash="thrpbawACh07Q5PspfoPwLjoF+Q="/><file name="local:///cf/xsd/GetLicense/GetLicenseType.xsd" src="local/cf/xsd/GetLicense/GetLicenseType.xsd" location="local" hash="djql6+14YuStrtmDOR571fo4b6U="/><file name="local:///cf/xsd/GetInterestRates/GetInterestRatesType.xsd" src="local/cf/xsd/GetInterestRates/GetInterestRatesType.xsd" location="local" hash="W16Vhb4Tp5Nqwudo2RtxQkGaPVw="/><file name="local:///cf/xsd/ExecutionDetail/GetExecDetailType.xsd" src="local/cf/xsd/ExecutionDetail/GetExecDetailType.xsd" location="local" hash="p+k3d1iLIPeuaTS1DeVr/mKjkAc="/><file name="local:///cf/xsd/SrvRBUZCheck.xsd" src="local/cf/xsd/SrvRBUZCheck.xsd" location="local" hash="C/zPr3k4DsaSaMfVRnCGD+pdEe4="/><file name="local:///cf/xsd/SrvGetClientInternalGRE.xsd" src="local/cf/xsd/SrvGetClientInternalGRE.xsd" location="local" hash="rmYqw2/uxpiy6IHhQDQL6O6bKgE="/><file name="local:///cf/xsd/SrvDocIndicativeOffer.xsd" src="local/cf/xsd/SrvDocIndicativeOffer.xsd" location="local" hash="AetUe8GyyWv2kEaaw6cBzDgUBMg="/><file name="local:///cf/xsd/CheckHistorySRBI/HistorySRBIType.xsd" src="local/cf/xsd/CheckHistorySRBI/HistorySRBIType.xsd" location="local" hash="BqEgZ2xLI0jmH4GuUjGyrCf0bTg="/><file name="local:///cf/xsd/CheckHistorySRBI/CheckHistorySRBIType.xsd" src="local/cf/xsd/CheckHistorySRBI/CheckHistorySRBIType.xsd" location="local" hash="nb/K6rWTyNgn+RRtMUYO7aUrfVY="/><file name="local:///cf/xsd/SendRating/SendRatingType.xsd" src="local/cf/xsd/SendRating/SendRatingType.xsd" location="local" hash="6LRJaKib9uylfdv2fXcjzURSrWY="/><file name="local:///cf/xsd/SrvDocApplication.xsd" src="local/cf/xsd/SrvDocApplication.xsd" location="local" hash="hWsw9eGxoM/DALow1B3/89N+hyQ="/><file name="local:///cf/xsd/CheckECF/CheckECFType.xsd" src="local/cf/xsd/CheckECF/CheckECFType.xsd" location="local" hash="ZnphOpwDxS9YESwWv3y011EgKS0="/><file name="local:///cf/xsd/GetClient/GetClientType.xsd" src="local/cf/xsd/GetClient/GetClientType.xsd" location="local" hash="o4enkFy+e1X1H4eqfH/+lBGLc7w="/><file name="local:///cf/xsd/SrvSettlement.xsd" src="local/cf/xsd/SrvSettlement.xsd" location="local" hash="xNp7tFoW6sbHc94oXdHhnUeQByQ="/><file name="local:///cf/xsd/SrvCheckEmployer.xsd" src="local/cf/xsd/SrvCheckEmployer.xsd" location="local" hash="Xr6I4fJoLwkVQ7RJqdY1W/+dY1w="/><file name="local:///cf/xsd/Settlement/LoanSettlementType.xsd" src="local/cf/xsd/Settlement/LoanSettlementType.xsd" location="local" hash="qhZVS453GtFH1RVBPbm/sVtXHFM="/><file name="local:///cf/xsd/Settlement/SettlementRespondType.xsd" src="local/cf/xsd/Settlement/SettlementRespondType.xsd" location="local" hash="FkGug4CWlhfdWBtfrZPhx3FU9Jg="/><file name="local:///cf/xsd/SrvDocBoEs.xsd" src="local/cf/xsd/SrvDocBoEs.xsd" location="local" hash="Sf0NM+do3qyvLRpZA8nfJN7c1eA="/><file name="local:///cf/xsd/SrvGetWarningList.xsd" src="local/cf/xsd/SrvGetWarningList.xsd" location="local" hash="lpRxvPkxi03fgJBgL2KzqECzpV0="/><file name="local:///cf/xsd/LoanDocuments/DocLoanType.xsd" src="local/cf/xsd/LoanDocuments/DocLoanType.xsd" location="local" hash="7fUPSNAlwmrtpVITjQYRgMKItlA="/><file name="local:///cf/xsd/GetRelatedSubjectList/GetRelatedSubjectListType.xsd" src="local/cf/xsd/GetRelatedSubjectList/GetRelatedSubjectListType.xsd" location="local" hash="x1kjETl8dnkPGFoL/pJF76Rq4tk="/><file name="local:///cf/xsd/SrvRBUZResult.xsd" src="local/cf/xsd/SrvRBUZResult.xsd" location="local" hash="3qKWim2hUKhGI7SyryCs3e0THqQ="/><file name="local:///cf/xsd/SrvGetExchangeRate.xsd" src="local/cf/xsd/SrvGetExchangeRate.xsd" location="local" hash="MtOZ/LY1QtKdLR8JwYlrFBLurnM="/><file name="local:///cf/xsd/SrvGetLiabilitiesBRKI.xsd" src="local/cf/xsd/SrvGetLiabilitiesBRKI.xsd" location="local" hash="qEa8i7JSBpR4xPuBdZ+Rw1gxXqQ="/><file name="local:///cf/xsd/GetAggregateOwnerAndStatutory/GetAggregateOwnerAndStatutoryType.xsd" src="local/cf/xsd/GetAggregateOwnerAndStatutory/GetAggregateOwnerAndStatutoryType.xsd" location="local" hash="2s+QV2KOZ/fH7uhHQf8+WMHsqMg="/><file name="local:///cf/xsd/SrvGetCommercialSubject.xsd" src="local/cf/xsd/SrvGetCommercialSubject.xsd" location="local" hash="7FOoTAuPhHp2P/peEFF4CS4uoTo="/><file name="local:///cf/xsd/CheckInternalHistory/CheckInternalHistory.xsd" src="local/cf/xsd/CheckInternalHistory/CheckInternalHistory.xsd" location="local" hash="NTzGOcaD1wX7JA1MJF2fdoClB7Y="/><file name="local:///cf/xsd/ExecutionList/GetExecListType.xsd" src="local/cf/xsd/ExecutionList/GetExecListType.xsd" location="local" hash="7Iv1WACyuij4UItnmmI9q/VBXQc="/><file name="local:///cf/xsd/SrvGetLicense.xsd" src="local/cf/xsd/SrvGetLicense.xsd" location="local" hash="KqoU/QgVSVAuxFLkciDAE4U9DxY="/><file name="local:///cf/xsd/SrvCheckAddress.xsd" src="local/cf/xsd/SrvCheckAddress.xsd" location="local" hash="lU9bX/lBoEqBzYWKVz1ISJA3bNk="/><file name="local:///cf/xsd/TotalExposure/GetExposureType.xsd" src="local/cf/xsd/TotalExposure/GetExposureType.xsd" location="local" hash="F51PoHav6PY2ggK57amg0MrW6B8="/><file name="local:///cf/xsd/DocOffer/DocOfferType.xsd" src="local/cf/xsd/DocOffer/DocOfferType.xsd" location="local" hash="27t9yC84IGZ0B7KZRKDWsE5bqaY="/><file name="local:///cf/xsd/SrvCheckInternalHistory.xsd" src="local/cf/xsd/SrvCheckInternalHistory.xsd" location="local" hash="WXGuaKtzTZ1MZWSFbZdvOdKFJl4="/><file name="local:///cf/xsd/SrvCheckStolenDocs.xsd" src="local/cf/xsd/SrvCheckStolenDocs.xsd" location="local" hash="YOPIomvNkR/q9avs2mftweFm8ZQ="/><file name="local:///cf/xsd/AllSchemes.xsd" src="local/cf/xsd/AllSchemes.xsd" location="local" hash="60M5YHycrLkcqhOsWWm2xaiaQdQ="/><file name="local:///cf/xsd/GetNace/GetNaceType.xsd" src="local/cf/xsd/GetNace/GetNaceType.xsd" location="local" hash="toF/Nrq8LeLw0BdPMRnjHRYdbJ8="/><file name="local:///cf/xsd/GetAccounts/GetAccountsType.xsd" src="local/cf/xsd/GetAccounts/GetAccountsType.xsd" location="local" hash="1yTUMqNzh9VtlBISnLVTa879xkQ="/><file name="local:///cf/xsd/SrvDocGen.xsd" src="local/cf/xsd/SrvDocGen.xsd" location="local" hash="GJpz2Gc9m+FvgGV7jR3f5pnJuj4="/><file name="local:///cf/xsd/RepaymentSchedule/RepaymentScheduleType.xsd" src="local/cf/xsd/RepaymentSchedule/RepaymentScheduleType.xsd" location="local" hash="ka+pW0cQUf+Btl70LNtXnJLTUHY="/><file name="local:///cf/xsd/SrvCheckCustomer.xsd" src="local/cf/xsd/SrvCheckCustomer.xsd" location="local" hash="+IVj0eibpzre0tiGdJODfDNjOTw="/><file name="local:///cf/xsd/SrvArchiveDocuments.xsd" src="local/cf/xsd/SrvArchiveDocuments.xsd" location="local" hash="QjchdvcQqS579tnx46FN+1YUKXY="/><file name="local:///cf/xsd/CheckInDebtorsReg/CheckInDebtorsRegType.xsd" src="local/cf/xsd/CheckInDebtorsReg/CheckInDebtorsRegType.xsd" location="local" hash="R5YfJmnRNrmxVDUvaN02kZ2fCCc="/><file name="local:///cf/xsd/SrvGetAggregatesBRKI.xsd" src="local/cf/xsd/SrvGetAggregatesBRKI.xsd" location="local" hash="nwxwY10aY7P7laby+Rt5g9BS+fI="/><file name="local:///cf/xsd/SrvCustomerFileData.xsd" src="local/cf/xsd/SrvCustomerFileData.xsd" location="local" hash="u7AD8VezOhhpTNnGgJrpV9Ee9lg="/><file name="local:///cf/xsd/Cadastre/CadastreType.xsd" src="local/cf/xsd/Cadastre/CadastreType.xsd" location="local" hash="7U2FmdamRQSvjy8yiutHDoRmnu4="/><file name="local:///cf/xsd/DocGen/DocGenType.xsd" src="local/cf/xsd/DocGen/DocGenType.xsd" location="local" hash="eyFF6pxl78M/G7s8Wsa7HWKsTCc="/><file name="local:///cf/xsd/DataTypes/domains/sendRating/sendRatingAggregates.xsd" src="local/cf/xsd/DataTypes/domains/sendRating/sendRatingAggregates.xsd" location="local" hash="+PuRhSfPmLf5QJKpIUfnc+KUQlU="/><file name="local:///cf/xsd/DataTypes/domains/email/emailAggregates.xsd" src="local/cf/xsd/DataTypes/domains/email/emailAggregates.xsd" location="local" hash="K8wgw99U35/fy09Y/WpOE2hjYwQ="/><file name="local:///cf/xsd/DataTypes/domains/organization/partners/partners.xsd" src="local/cf/xsd/DataTypes/domains/organization/partners/partners.xsd" location="local" hash="iQWI06/IYd6ULEEhtAq84QWsrn0="/><file name="local:///cf/xsd/DataTypes/domains/organization/organizationAggregates.xsd" src="local/cf/xsd/DataTypes/domains/organization/organizationAggregates.xsd" location="local" hash="kTq38Ir4FGDZyHAK62npPgFRuo8="/><file name="local:///cf/xsd/DataTypes/domains/organization/banks/banks.xsd" src="local/cf/xsd/DataTypes/domains/organization/banks/banks.xsd" location="local" hash="NMGeGPV1mUFXZPco50JVKtP6H5g="/><file name="local:///cf/xsd/DataTypes/domains/notary/notaryAggregates.xsd" src="local/cf/xsd/DataTypes/domains/notary/notaryAggregates.xsd" location="local" hash="mRSuficUnoGarXciO8qmYG9AO9o="/><file name="local:///cf/xsd/DataTypes/domains/repaymentSchedule/repaymentScheduleAggregates.xsd" src="local/cf/xsd/DataTypes/domains/repaymentSchedule/repaymentScheduleAggregates.xsd" location="local" hash="XiOH6fN/xQYR66/Hqio+OCTpFGo="/><file name="local:///cf/xsd/DataTypes/domains/reference/referenceAggregates.xsd" src="local/cf/xsd/DataTypes/domains/reference/referenceAggregates.xsd" location="local" hash="N3fdkhJn+VmtwxJBErOquSXKu0w="/><file name="local:///cf/xsd/DataTypes/domains/rbuz/resultAggregates.xsd" src="local/cf/xsd/DataTypes/domains/rbuz/resultAggregates.xsd" location="local" hash="MekA2i3uNtamoraVa6vwkmBfhKU="/><file name="local:///cf/xsd/DataTypes/domains/bankruptcy/bankruptcyAggregates.xsd" src="local/cf/xsd/DataTypes/domains/bankruptcy/bankruptcyAggregates.xsd" location="local" hash="bX1BYZpzE0bvBzu3pXldqfYEzyk="/><file name="local:///cf/xsd/DataTypes/domains/license/licenseAggregates.xsd" src="local/cf/xsd/DataTypes/domains/license/licenseAggregates.xsd" location="local" hash="liL+gdKl10WirUAlp+yfcp/YDDM="/><file name="local:///cf/xsd/DataTypes/domains/transaction/transactionAggregates.xsd" src="local/cf/xsd/DataTypes/domains/transaction/transactionAggregates.xsd" location="local" hash="9QveBDdxpHmANLoRn4f5EkIG7RE="/><file name="local:///cf/xsd/DataTypes/domains/relationship/relationshipAggregates.xsd" src="local/cf/xsd/DataTypes/domains/relationship/relationshipAggregates.xsd" location="local" hash="T5YT7nt10BnE2dGSAUFe7Cilknk="/><file name="local:///cf/xsd/DataTypes/domains/getClientFes/getClientFesAggregates.xsd" src="local/cf/xsd/DataTypes/domains/getClientFes/getClientFesAggregates.xsd" location="local" hash="ZHeLMAUl26WMdBWpvBcGZAYxCUs="/><file name="local:///cf/xsd/DataTypes/domains/blacklist/blacklistAggregates.xsd" src="local/cf/xsd/DataTypes/domains/blacklist/blacklistAggregates.xsd" location="local" hash="CxxbVOW2nsbXvLtpur9i8qKDBkE="/><file name="local:///cf/xsd/DataTypes/domains/cru/cruAggregates.xsd" src="local/cf/xsd/DataTypes/domains/cru/cruAggregates.xsd" location="local" hash="VmLtrDBhma2YXRRiH5766MxsDL4="/><file name="local:///cf/xsd/DataTypes/domains/insurance/insuranceAggregates.xsd" src="local/cf/xsd/DataTypes/domains/insurance/insuranceAggregates.xsd" location="local" hash="0jWOeTepOh8fJ7w823mrTAwzDWo="/><file name="local:///cf/xsd/DataTypes/domains/execution/executionAggregates.xsd" src="local/cf/xsd/DataTypes/domains/execution/executionAggregates.xsd" location="local" hash="mGR7hQaJFqUHIEQ1B/6ZCoYIN8Y="/><file name="local:///cf/xsd/DataTypes/domains/card/cardAggregates.xsd" src="local/cf/xsd/DataTypes/domains/card/cardAggregates.xsd" location="local" hash="wjUs2vdH1O9q0rsCy0jxqjKXTPQ="/><file name="local:///cf/xsd/DataTypes/domains/cribis/cribisAggregates.xsd" src="local/cf/xsd/DataTypes/domains/cribis/cribisAggregates.xsd" location="local" hash="bJLOyUM+6MZz7inDaAcQEXU0+4A="/><file name="local:///cf/xsd/DataTypes/domains/getCommercialSubject/getCommercialSubjectAggregates.xsd" src="local/cf/xsd/DataTypes/domains/getCommercialSubject/getCommercialSubjectAggregates.xsd" location="local" hash="pZo3ZIq2IP8TO0Bf0al296wv5Bs="/><file name="local:///cf/xsd/DataTypes/domains/taxPayer/taxPayerAggregates.xsd" src="local/cf/xsd/DataTypes/domains/taxPayer/taxPayerAggregates.xsd" location="local" hash="9pQPZcx2el4Ug7gG+zeHV7mNemw="/><file name="local:///cf/xsd/DataTypes/domains/preapproved/preapprovedAggregates.xsd" src="local/cf/xsd/DataTypes/domains/preapproved/preapprovedAggregates.xsd" location="local" hash="cKYUeW7S08XJiTSOgOVzcR6fdNs="/><file name="local:///cf/xsd/DataTypes/domains/cadastre/cadastreAggregates.xsd" src="local/cf/xsd/DataTypes/domains/cadastre/cadastreAggregates.xsd" location="local" hash="WXolSQbeG/nWIOVbx1rPCxiW5Wc="/><file name="local:///cf/xsd/DataTypes/domains/customerFileData/customerFileDataAggregates.xsd" src="local/cf/xsd/DataTypes/domains/customerFileData/customerFileDataAggregates.xsd" location="local" hash="kqfoGz/tA67fOJ+LoeelvOUm6m8="/><file name="local:///cf/xsd/DataTypes/domains/docMicro/docMicroAggregates.xsd" src="local/cf/xsd/DataTypes/domains/docMicro/docMicroAggregates.xsd" location="local" hash="7W3cTR2DPqdkZxopjnnEPdaMaTA="/><file name="local:///cf/xsd/DataTypes/domains/ecf/ecfAggregates.xsd" src="local/cf/xsd/DataTypes/domains/ecf/ecfAggregates.xsd" location="local" hash="Z89eOWLeHtuz03Wc/iVx5ZgcVgI="/><file name="local:///cf/xsd/DataTypes/domains/common/commonAggregates.xsd" src="local/cf/xsd/DataTypes/domains/common/commonAggregates.xsd" location="local" hash="FZK2dNc3j9fTCNfsMpbV5eV12SI="/><file name="local:///cf/xsd/DataTypes/domains/debtors/debtorsAggregates.xsd" src="local/cf/xsd/DataTypes/domains/debtors/debtorsAggregates.xsd" location="local" hash="dTr31Gsjsc4luBzrhBfK2kfpo2M="/><file name="local:///cf/xsd/DataTypes/domains/currency/CurrencyAggregates.xsd" src="local/cf/xsd/DataTypes/domains/currency/CurrencyAggregates.xsd" location="local" hash="8qeYzLRjRwHtdvHMPSv+eJfzcRc="/><file name="local:///cf/xsd/DataTypes/domains/currency/CurrencyExchangeRateAggregates.xsd" src="local/cf/xsd/DataTypes/domains/currency/CurrencyExchangeRateAggregates.xsd" location="local" hash="gi9X3sUEshjAZfhWGuTylmyLErE="/><file name="local:///cf/xsd/DataTypes/domains/application/applicationAggregates.xsd" src="local/cf/xsd/DataTypes/domains/application/applicationAggregates.xsd" location="local" hash="pOxoDKMSK8DG/o8PYGbERlRKmhI="/><file name="local:///cf/xsd/DataTypes/domains/moneytransfers/westernunionAggregates.xsd" src="local/cf/xsd/DataTypes/domains/moneytransfers/westernunionAggregates.xsd" location="local" hash="eGVE5fwYKbMXmLiGMUct17EKwo0="/><file name="local:///cf/xsd/DataTypes/domains/moneytransfers/blitzAggregates.xsd" src="local/cf/xsd/DataTypes/domains/moneytransfers/blitzAggregates.xsd" location="local" hash="YXfohxiwDmigQD7X/qKYHo/twC8="/><file name="local:///cf/xsd/DataTypes/domains/moneytransfers/moneygramAggregates.xsd" src="local/cf/xsd/DataTypes/domains/moneytransfers/moneygramAggregates.xsd" location="local" hash="N6sM85KJ0AnGkAGrEmG4nJzjUag="/><file name="local:///cf/xsd/DataTypes/domains/moneytransfers/moneytransferAggregates.xsd" src="local/cf/xsd/DataTypes/domains/moneytransfers/moneytransferAggregates.xsd" location="local" hash="D7TOIUosHID6HJn4ZXYhoKpV5O4="/><file name="local:///cf/xsd/DataTypes/domains/isirEvents/isirEventsAggregates.xsd" src="local/cf/xsd/DataTypes/domains/isirEvents/isirEventsAggregates.xsd" location="local" hash="PD4y2lbbEH+6+g0p5Ael3Cj3gK0="/><file name="local:///cf/xsd/DataTypes/domains/loan/loanAggregates.xsd" src="local/cf/xsd/DataTypes/domains/loan/loanAggregates.xsd" location="local" hash="i6UaECROKZktj1KAChs4ll9bgUQ="/><file name="local:///cf/xsd/DataTypes/domains/account/accountAggregates.xsd" src="local/cf/xsd/DataTypes/domains/account/accountAggregates.xsd" location="local" hash="TZvVrjmYttwSPvfImKUTM+gwbZw="/><file name="local:///cf/xsd/DataTypes/domains/checkRegister/checkRegisterAggregates.xsd" src="local/cf/xsd/DataTypes/domains/checkRegister/checkRegisterAggregates.xsd" location="local" hash="dUgFbLJcXkcP2YBlHfbLVNMS3EQ="/><file name="local:///cf/xsd/DataTypes/domains/treasury/settlement/settlementAggregates.xsd" src="local/cf/xsd/DataTypes/domains/treasury/settlement/settlementAggregates.xsd" location="local" hash="3awZOmiAnNVHMI+7ER/7wSp1jwc="/><file name="local:///cf/xsd/DataTypes/domains/treasury/reference/referenceAggregates.xsd" src="local/cf/xsd/DataTypes/domains/treasury/reference/referenceAggregates.xsd" location="local" hash="lno6Yp8qPcIeJaaTv+cV1+4LZ0g="/><file name="local:///cf/xsd/DataTypes/domains/treasury/transaction/transactionAggregates.xsd" src="local/cf/xsd/DataTypes/domains/treasury/transaction/transactionAggregates.xsd" location="local" hash="FMeSalocxcrRUD4aGwLXVlETAiw="/><file name="local:///cf/xsd/DataTypes/domains/treasury/instrument/instrumentAggregates.xsd" src="local/cf/xsd/DataTypes/domains/treasury/instrument/instrumentAggregates.xsd" location="local" hash="1xsc7+K5jLMfdDEWgKm0S4bjRPo="/><file name="local:///cf/xsd/DataTypes/domains/treasury/order/orderAggregates.xsd" src="local/cf/xsd/DataTypes/domains/treasury/order/orderAggregates.xsd" location="local" hash="92ZrP6TjwU+hQsHBIqYYYvUc90w="/><file name="local:///cf/xsd/DataTypes/domains/treasury/party/partyAggregates.xsd" src="local/cf/xsd/DataTypes/domains/treasury/party/partyAggregates.xsd" location="local" hash="Ii7pj59+98a5m+DeAl7Fapizvf8="/><file name="local:///cf/xsd/DataTypes/domains/treasury/marketdata/marketdataAggregates.xsd" src="local/cf/xsd/DataTypes/domains/treasury/marketdata/marketdataAggregates.xsd" location="local" hash="eUlAggwEHZaNG9UkonhTOTkCiBI="/><file name="local:///cf/xsd/DataTypes/domains/treasury/transferorder/transferorderAggregates.xsd" src="local/cf/xsd/DataTypes/domains/treasury/transferorder/transferorderAggregates.xsd" location="local" hash="BSIQVFrVpU/ZMFhOj7sTfYfqDXI="/><file name="local:///cf/xsd/DataTypes/domains/treasury/deal/dealAggregates.xsd" src="local/cf/xsd/DataTypes/domains/treasury/deal/dealAggregates.xsd" location="local" hash="qC/+6UKEIiffOZgjC8qU3XC2obU="/><file name="local:///cf/xsd/DataTypes/domains/treasury/account/accountAggregates.xsd" src="local/cf/xsd/DataTypes/domains/treasury/account/accountAggregates.xsd" location="local" hash="sUdz6rUD2dWgLMP9dMiaGk4G8zI="/><file name="local:///cf/xsd/DataTypes/domains/treasury/agreement/treasuryAgreementAggregates.xsd" src="local/cf/xsd/DataTypes/domains/treasury/agreement/treasuryAgreementAggregates.xsd" location="local" hash="LuGCu5lMbscNLUrG1v5wXGFDy/o="/><file name="local:///cf/xsd/DataTypes/domains/identity/identityAggregates.xsd" src="local/cf/xsd/DataTypes/domains/identity/identityAggregates.xsd" location="local" hash="WuZmiZGEZvLXn53iJW37/uXXnXM="/><file name="local:///cf/xsd/DataTypes/domains/individual/individualAggregates.xsd" src="local/cf/xsd/DataTypes/domains/individual/individualAggregates.xsd" location="local" hash="whPAVLGskqJPmAcTeBfZclyqDCg="/><file name="local:///cf/xsd/DataTypes/domains/history/historyAggregates.xsd" src="local/cf/xsd/DataTypes/domains/history/historyAggregates.xsd" location="local" hash="410tGe9bNCet4CvurFYCN5hEIl8="/><file name="local:///cf/xsd/DataTypes/domains/agreement/agreementAggregates.xsd" src="local/cf/xsd/DataTypes/domains/agreement/agreementAggregates.xsd" location="local" hash="UY8lVAzYEi+IKQNHqBonP/zxVBc="/><file name="local:///cf/xsd/DataTypes/domains/customers/customerAggregates.xsd" src="local/cf/xsd/DataTypes/domains/customers/customerAggregates.xsd" location="local" hash="NoxwaEo4GAUGQOx/t6O6OfEBUuE="/><file name="local:///cf/xsd/DataTypes/innerTypes/ifxDateTypes.xsd" src="local/cf/xsd/DataTypes/innerTypes/ifxDateTypes.xsd" location="local" hash="sec6uoXHGi5eZFIqK0HSmvfchSc="/><file name="local:///cf/xsd/DataTypes/innerTypes/ifxSimpleTypes.xsd" src="local/cf/xsd/DataTypes/innerTypes/ifxSimpleTypes.xsd" location="local" hash="DsheVKae7xtdCVG5w5QSkQ3loqs="/><file name="local:///cf/xsd/DataTypes/headerTypes/headerCFTypes.xsd" src="local/cf/xsd/DataTypes/headerTypes/headerCFTypes.xsd" location="local" hash="nzr97q0K5/p5i5eMOf/w9JWjBlc="/><file name="local:///cf/xsd/DataTypes/simpleTypes/simpleTypes.xsd" src="local/cf/xsd/DataTypes/simpleTypes/simpleTypes.xsd" location="local" hash="YcIpYKyKgFnxg5ggtYMS2tLckNI="/><file name="local:///cf/xsd/GetNameHistory/GetNameHistoryType.xsd" src="local/cf/xsd/GetNameHistory/GetNameHistoryType.xsd" location="local" hash="wJyfDNa6qCjaqa9r0DVbtnBwcP0="/><file name="local:///cf/xsd/SrvGetInterestRates.xsd" src="local/cf/xsd/SrvGetInterestRates.xsd" location="local" hash="kvxbIPpkWfGse61k6f5TVJxnEsY="/><file name="local:///cf/xsd/SrvCheckHistorySRBI.xsd" src="local/cf/xsd/SrvCheckHistorySRBI.xsd" location="local" hash="ZB3aNcM7Iel+3UNHAth1t++sZ1k="/><file name="local:///cf/xsd/GetAddressHistory/GetAddressHistoryType.xsd" src="local/cf/xsd/GetAddressHistory/GetAddressHistoryType.xsd" location="local" hash="JlOE2HgqBF1Cj+GwaURmDlMIFqA="/><file name="local:///cf/xsd/GetRelatedGRESubjectList/GetRelatedGRESubjectListType.xsd" src="local/cf/xsd/GetRelatedGRESubjectList/GetRelatedGRESubjectListType.xsd" location="local" hash="l8E1Zg07eftn2S9jbrAlbYaObrk="/><file name="local:///cf/xsd/ArchiveDocuments/ArchiveDocsType.xsd" src="local/cf/xsd/ArchiveDocuments/ArchiveDocsType.xsd" location="local" hash="2L0DNtEZDaQhD+kpnWX7PGun0y4="/><file name="local:///cf/xsd/GetCommercialSubject/GetCommercialSubjectType.xsd" src="local/cf/xsd/GetCommercialSubject/GetCommercialSubjectType.xsd" location="local" hash="4ei+kyCeSREPhOo/bOetRj8+3P8="/><file name="local:///cf/xsd/CheckSpecialRelationships/CheckSpecialRelationshipsType.xsd" src="local/cf/xsd/CheckSpecialRelationships/CheckSpecialRelationshipsType.xsd" location="local" hash="EUcim+6PyTf2DN2ZvdFOb83IvKs="/><file name="local:///cf/xsd/GetHeldItems/GetHeldItemsType.xsd" src="local/cf/xsd/GetHeldItems/GetHeldItemsType.xsd" location="local" hash="v9McRKAlwoKjCzkAkDskvFIMW48="/><file name="local:///cf/xsd/SrvCheckBankruptcy.xsd" src="local/cf/xsd/SrvCheckBankruptcy.xsd" location="local" hash="zz6Fluf3qLpfH323WuYnvv7REFg="/><file name="local:///cf/xsd/SrvCheckSpecialRelationships.xsd" src="local/cf/xsd/SrvCheckSpecialRelationships.xsd" location="local" hash="49E9XZTH86gZr1fU4F5Z20Kjpk4="/><file name="local:///cf/xsd/CheckInfoSIA/CheckInfoSIA.xsd" src="local/cf/xsd/CheckInfoSIA/CheckInfoSIA.xsd" location="local" hash="DgLInIbH0OObk6XNPwQkPJ+TxJE="/><file name="local:///cf/xsd/SrvKaPrevLoanAppListType.xsd" src="local/cf/xsd/SrvKaPrevLoanAppListType.xsd" location="local" hash="Yi9grhR/Iy2SncWUBYAfELAxEUQ="/><file name="local:///cf/MakeErrorCFDefault.xsl" src="local/cf/MakeErrorCFDefault.xsl" location="local" hash="FRsGzG/Y2U5OZT1+f/x7FDU3BUU="/><file name="local:///allXSLFunction.xsl" src="local/allXSLFunction.xsl" location="local" hash="tpXiCHKrDKJ+ri+LSQr+CgZX30g="/><file name="local:///hexBinary.ffd" src="local/hexBinary.ffd" location="local" hash="3gWT8tsHXX5HwlO7nBft0nh5mpk="/><file name="local:///MakeError.xsl" src="local/MakeError.xsl" location="local" hash="gJdNPnW9H5m+p0vVAcEYG9STu6k="/><file name="local:///ESB.LOG.xsl" src="local/ESB.LOG.xsl" location="local" hash="bjSsxEqANX+8itt9uwDOwYHGq4I="/><file name="local:///processXMIT.xslt" src="local/processXMIT.xslt" location="local" hash="RaSRqadxf8sSztv2TAwqtQmG7so="/><file name="local:///allMQFunction.xsl" src="local/allMQFunction.xsl" location="local" hash="C1aNV0tqqRGVNqwDkhmwUvHi17k="/><file name="local:///TransformMessage.xsl" src="local/TransformMessage.xsl" location="local" hash="R4CL+e4FigG8kFO9EEA+c1dlZSQ="/><file name="local:///ESB.EXT.LOG.xsl" src="local/ESB.EXT.LOG.xsl" location="local" hash="ueVUPPbhK/Hhytho133oWy2kBEA="/><file name="config:///ESBGW.CF.cfg" src="config/ESBGW.CF.cfg" location="config" hash="9R49LhiCSccY3CNjVfEl/VF+15w="/><file name="webgui:///clixform.xsl" src="dp-aux/clixform.xsl" location="dp-aux" internal="true" hash="8d1ngylMOpLW/g/5hYUjAY5VPzU="/><file name="webgui:///SchemaUtil.xsl" src="dp-aux/SchemaUtil.xsl" location="dp-aux" internal="true" hash="8fmsXUfiaQKycD1E2HoNtTPk95c="/><file name="webgui:///management.xsl" src="dp-aux/management.xsl" location="dp-aux" internal="true" hash="8EYJo/BO5BLvoOseWl5aNASgf58="/><file name="webgui:///map-dmz.xsl" src="dp-aux/map-dmz.xsl" location="dp-aux" internal="true" hash="n00B2bmGoH6OdSOW1QRz/SNVbYc="/><file name="webgui:///drMgmt.xml" src="dp-aux/drMgmt.xml" location="dp-aux" internal="true" hash="sNp3LO6nQN0DP3YGJ5xR69nLBVQ="/><file name="webgui:///basetypes.xml" src="dp-aux/basetypes.xml" location="dp-aux" internal="true" hash="RYFFfpY7r0N4aqpmlXGbR95vKaM="/></files></datapower-configuration>