<?xml version="1.0" encoding="UTF-8"?>
<services>
	<service name="AssertService">
		<method name="createAssert">data</method>
		<method name="updateAssert">data</method>
	</service>
	<service name="AttachmentTempService">
		<method name="create">content</method>
	</service>
	<service name="ImagePreviewGenerationService">
		<method name="generatePreview">arg0</method>
	</service>
	<service name="MortgageApplicationService">
		<method name="administrativeMoveToState">arg0</method>
	</service>
	<service name="UserCardManagementService">
		<method name="updatePhotoByUserId">photo</method>
	</service>
</services>